date,TRIMP,distance_km,duree_min,fc_moyenne,vitesse_moy,cadence_moy,CTL,ATL,TSB,semaine,annee
2024-05-03,106.6,12.6285,58.86666666666667,152.36624203821657,13.141556108859294,82.20579710144928,106.6,106.6,0.0,18,2024
2024-05-04,0.0,0.0,0.0,,,,101.64,79.95,21.69,18,2024
2024-05-05,0.0,0.0,0.0,,,,96.91,59.96,36.95,18,2024
2024-05-06,0.0,0.0,0.0,,,,92.41,44.97,47.44,19,2024
2024-05-07,165.59,17.619,72.33333333333333,162.67664115054512,14.540207933194155,82.67680520083584,95.81,75.13,20.68,19,2024
2024-05-08,0.0,0.0,0.0,,,,91.35,56.34,35.01,19,2024
2024-05-09,0.0,0.0,0.0,,,,87.11,42.26,44.85,19,2024
2024-05-10,0.0,0.0,0.0,,,,83.05,31.69,51.36,19,2024
2024-05-11,0.0,0.0,0.0,,,,79.19,23.77,55.42,19,2024
2024-05-12,0.0,0.0,0.0,,,,75.51,17.83,57.68,19,2024
2024-05-13,0.0,0.0,0.0,,,,72.0,13.37,58.63,20,2024
2024-05-14,0.0,0.0,0.0,,,,68.65,10.03,58.62,20,2024
2024-05-15,0.0,0.0,0.0,,,,65.45,7.52,57.93,20,2024
2024-05-16,0.0,0.0,0.0,,,,62.41,5.64,56.77,20,2024
2024-05-17,0.0,0.0,0.0,,,,59.51,4.23,55.28,20,2024
2024-05-18,0.0,0.0,0.0,,,,56.74,3.17,53.57,20,2024
2024-05-19,0.0,0.0,0.0,,,,54.1,2.38,51.72,20,2024
2024-05-20,91.07,10.043,38.833333333333336,163.76018876018875,15.181372972972976,82.99227136109918,55.82,24.55,31.27,21,2024
2024-05-21,0.0,0.0,0.0,,,,53.22,18.41,34.81,21,2024
2024-05-22,0.0,0.0,0.0,,,,50.75,13.81,36.94,21,2024
2024-05-23,0.0,0.0,0.0,,,,48.39,10.36,38.03,21,2024
2024-05-24,0.0,0.0,0.0,,,,46.14,7.77,38.37,21,2024
2024-05-25,0.0,0.0,0.0,,,,43.99,5.83,38.16,21,2024
2024-05-26,73.31,10.1345,44.63333333333333,148.1947652040031,14.019810623556582,80.24286815728604,45.35,22.7,22.65,21,2024
2024-05-26,10.7,1.661,8.166666666666666,138.81670061099797,12.39934582484725,80.35728952772074,43.74,19.7,24.04,21,2024
2024-05-27,0.0,0.0,0.0,,,,41.71,14.77,26.94,22,2024
2024-05-28,0.0,0.0,0.0,,,,39.77,11.08,28.69,22,2024
2024-05-29,0.0,0.0,0.0,,,,37.92,8.31,29.61,22,2024
2024-05-30,0.0,0.0,0.0,,,,36.16,6.23,29.93,22,2024
2024-05-31,0.0,0.0,0.0,,,,34.47,4.67,29.8,22,2024
2024-06-01,0.0,0.0,0.0,,,,32.87,3.51,29.36,22,2024
2024-06-02,0.0,0.0,0.0,,,,31.34,2.63,28.71,22,2024
2024-06-03,0.0,0.0,0.0,,,,29.88,1.97,27.91,23,2024
2024-06-04,0.0,0.0,0.0,,,,28.49,1.48,27.01,23,2024
2024-06-05,0.0,0.0,0.0,,,,27.17,1.11,26.06,23,2024
2024-06-06,0.0,0.0,0.0,,,,25.9,0.83,25.07,23,2024
2024-06-07,0.0,0.0,0.0,,,,24.7,0.62,24.08,23,2024
2024-06-08,0.0,0.0,0.0,,,,23.55,0.47,23.08,23,2024
2024-06-09,0.0,0.0,0.0,,,,22.46,0.35,22.11,23,2024
2024-06-10,0.0,0.0,0.0,,,,21.41,0.26,21.15,24,2024
2024-06-11,0.0,0.0,0.0,,,,20.42,0.2,20.22,24,2024
2024-06-12,0.0,0.0,0.0,,,,19.47,0.15,19.32,24,2024
2024-06-13,0.0,0.0,0.0,,,,18.56,0.11,18.45,24,2024
2024-06-14,0.0,0.0,0.0,,,,17.7,0.08,17.62,24,2024
2024-06-15,0.0,0.0,0.0,,,,16.87,0.06,16.81,24,2024
2024-06-16,0.0,0.0,0.0,,,,16.09,0.05,16.04,24,2024
2024-06-17,0.0,0.0,0.0,,,,15.34,0.04,15.3,25,2024
2024-06-18,0.0,0.0,0.0,,,,14.63,0.03,14.6,25,2024
2024-06-19,0.0,0.0,0.0,,,,13.95,0.02,13.93,25,2024
2024-06-20,0.0,0.0,0.0,,,,13.3,0.01,13.29,25,2024
2024-06-21,0.0,0.0,0.0,,,,12.68,0.01,12.67,25,2024
2024-06-22,0.0,0.0,0.0,,,,12.09,0.01,12.08,25,2024
2024-06-23,0.0,0.0,0.0,,,,11.53,0.01,11.52,25,2024
2024-06-24,0.0,0.0,0.0,,,,10.99,0.0,10.99,26,2024
2024-06-25,0.0,0.0,0.0,,,,10.48,0.0,10.48,26,2024
2024-06-26,0.0,0.0,0.0,,,,9.99,0.0,9.99,26,2024
2024-06-27,0.0,0.0,0.0,,,,9.53,0.0,9.53,26,2024
2024-06-28,0.0,0.0,0.0,,,,9.08,0.0,9.08,26,2024
2024-06-29,0.0,0.0,0.0,,,,8.66,0.0,8.66,26,2024
2024-06-30,0.0,0.0,0.0,,,,8.26,0.0,8.26,26,2024
2024-07-01,0.0,0.0,0.0,,,,7.88,0.0,7.88,27,2024
2024-07-02,0.0,0.0,0.0,,,,7.51,0.0,7.51,27,2024
2024-07-03,0.0,0.0,0.0,,,,7.16,0.0,7.16,27,2024
2024-07-04,0.0,0.0,0.0,,,,6.83,0.0,6.83,27,2024
2024-07-05,0.0,0.0,0.0,,,,6.51,0.0,6.51,27,2024
2024-07-06,0.0,0.0,0.0,,,,6.21,0.0,6.21,27,2024
2024-07-07,0.0,0.0,0.0,,,,5.92,0.0,5.92,27,2024
2024-07-08,0.0,0.0,0.0,,,,5.64,0.0,5.64,28,2024
2024-07-09,0.0,0.0,0.0,,,,5.38,0.0,5.38,28,2024
2024-07-10,0.0,0.0,0.0,,,,5.13,0.0,5.13,28,2024
2024-07-11,0.0,0.0,0.0,,,,4.89,0.0,4.89,28,2024
2024-07-12,0.0,0.0,0.0,,,,4.66,0.0,4.66,28,2024
2024-07-13,0.0,0.0,0.0,,,,4.45,0.0,4.45,28,2024
2024-07-14,0.0,0.0,0.0,,,,4.24,0.0,4.24,28,2024
2024-07-15,0.0,0.0,0.0,,,,4.04,0.0,4.04,29,2024
2024-07-16,0.0,0.0,0.0,,,,3.85,0.0,3.85,29,2024
2024-07-17,0.0,0.0,0.0,,,,3.68,0.0,3.68,29,2024
2024-07-18,0.0,0.0,0.0,,,,3.5,0.0,3.5,29,2024
2024-07-19,0.0,0.0,0.0,,,,3.34,0.0,3.34,29,2024
2024-07-20,0.0,0.0,0.0,,,,3.19,0.0,3.19,29,2024
2024-07-21,0.0,0.0,0.0,,,,3.04,0.0,3.04,29,2024
2024-07-22,0.0,0.0,0.0,,,,2.9,0.0,2.9,30,2024
2024-07-23,0.0,0.0,0.0,,,,2.76,0.0,2.76,30,2024
2024-07-24,0.0,0.0,0.0,,,,2.63,0.0,2.63,30,2024
2024-07-25,0.0,0.0,0.0,,,,2.51,0.0,2.51,30,2024
2024-07-26,0.0,0.0,0.0,,,,2.39,0.0,2.39,30,2024
2024-07-27,0.0,0.0,0.0,,,,2.28,0.0,2.28,30,2024
2024-07-28,0.0,0.0,0.0,,,,2.18,0.0,2.18,30,2024
2024-07-29,0.0,0.0,0.0,,,,2.08,0.0,2.08,31,2024
2024-07-30,0.0,0.0,0.0,,,,1.98,0.0,1.98,31,2024
2024-07-31,0.0,0.0,0.0,,,,1.89,0.0,1.89,31,2024
2024-08-01,0.0,0.0,0.0,,,,1.8,0.0,1.8,31,2024
2024-08-02,0.0,0.0,0.0,,,,1.72,0.0,1.72,31,2024
2024-08-03,0.0,0.0,0.0,,,,1.64,0.0,1.64,31,2024
2024-08-04,0.0,0.0,0.0,,,,1.56,0.0,1.56,31,2024
2024-08-05,0.0,0.0,0.0,,,,1.49,0.0,1.49,32,2024
2024-08-06,0.0,0.0,0.0,,,,1.42,0.0,1.42,32,2024
2024-08-07,0.0,0.0,0.0,,,,1.35,0.0,1.35,32,2024
2024-08-08,0.0,0.0,0.0,,,,1.29,0.0,1.29,32,2024
2024-08-09,0.0,0.0,0.0,,,,1.23,0.0,1.23,32,2024
2024-08-10,0.0,0.0,0.0,,,,1.17,0.0,1.17,32,2024
2024-08-11,0.0,0.0,0.0,,,,1.12,0.0,1.12,32,2024
2024-08-12,0.0,0.0,0.0,,,,1.07,0.0,1.07,33,2024
2024-08-13,0.0,0.0,0.0,,,,1.02,0.0,1.02,33,2024
2024-08-14,0.0,0.0,0.0,,,,0.97,0.0,0.97,33,2024
2024-08-15,0.0,0.0,0.0,,,,0.92,0.0,0.92,33,2024
2024-08-16,0.0,0.0,0.0,,,,0.88,0.0,0.88,33,2024
2024-08-17,0.0,0.0,0.0,,,,0.84,0.0,0.84,33,2024
2024-08-18,0.0,0.0,0.0,,,,0.8,0.0,0.8,33,2024
2024-08-19,0.0,0.0,0.0,,,,0.76,0.0,0.76,34,2024
2024-08-20,0.0,0.0,0.0,,,,0.73,0.0,0.73,34,2024
2024-08-21,0.0,0.0,0.0,,,,0.69,0.0,0.69,34,2024
2024-08-22,0.0,0.0,0.0,,,,0.66,0.0,0.66,34,2024
2024-08-23,0.0,0.0,0.0,,,,0.63,0.0,0.63,34,2024
2024-08-24,0.0,0.0,0.0,,,,0.6,0.0,0.6,34,2024
2024-08-25,0.0,0.0,0.0,,,,0.57,0.0,0.57,34,2024
2024-08-26,0.0,0.0,0.0,,,,0.55,0.0,0.55,35,2024
2024-08-27,0.0,0.0,0.0,,,,0.52,0.0,0.52,35,2024
2024-08-28,0.0,0.0,0.0,,,,0.5,0.0,0.5,35,2024
2024-08-29,0.0,0.0,0.0,,,,0.47,0.0,0.47,35,2024
2024-08-30,0.0,0.0,0.0,,,,0.45,0.0,0.45,35,2024
2024-08-31,0.0,0.0,0.0,,,,0.43,0.0,0.43,35,2024
2024-09-01,0.0,0.0,0.0,,,,0.41,0.0,0.41,35,2024
2024-09-02,0.0,0.0,0.0,,,,0.39,0.0,0.39,36,2024
2024-09-03,0.0,0.0,0.0,,,,0.37,0.0,0.37,36,2024
2024-09-04,0.0,0.0,0.0,,,,0.36,0.0,0.36,36,2024
2024-09-05,0.0,0.0,0.0,,,,0.34,0.0,0.34,36,2024
2024-09-06,0.0,0.0,0.0,,,,0.32,0.0,0.32,36,2024
2024-09-07,9.28,1.022,14.7,111.66176470588236,5.714711764705883,60.08660130718954,0.74,2.32,-1.58,36,2024
2024-09-07,7.43,1.671,8.516666666666667,123.07042253521126,13.099259154929578,,1.05,3.6,-2.55,36,2024
2024-09-08,0.0,0.0,0.0,,,,1.0,2.7,-1.7,36,2024
2024-09-09,0.0,0.0,0.0,,,,0.96,2.02,-1.06,37,2024
2024-09-10,53.21,4.774,21.633333333333333,165.90993071593533,14.405212933025403,78.27602158828064,3.39,14.82,-11.43,37,2024
2024-09-10,35.09,4.9675,24.48333333333333,142.49591836734697,11.881579591836736,80.578231292517,4.86,19.89,-15.03,37,2024
2024-09-11,0.0,0.0,0.0,,,,4.63,14.92,-10.29,37,2024
2024-09-12,53.03,7.4945,46.45,133.3307001795332,9.493555475763015,79.49299820466787,6.89,24.44,-17.55,37,2024
2024-09-13,70.58,8.8895,39.56666666666667,151.71783876500857,13.875312349914235,79.60920034393808,9.85,35.98,-26.13,37,2024
2024-09-14,0.0,0.0,0.0,,,,9.39,26.98,-17.59,37,2024
2024-09-15,13.66,2.67159,13.683333333333334,128.1363073110285,11.452804460966544,,9.59,23.65,-14.06,37,2024
2024-09-16,0.0,0.0,0.0,,,,9.14,17.74,-8.6,38,2024
2024-09-17,97.54,15.017,61.9,146.44602960969044,14.435438923283984,81.16275936405282,13.25,37.69,-24.44,38,2024
2024-09-18,0.0,0.0,0.0,,,,12.64,28.27,-15.63,38,2024
2024-09-19,17.11,8.58,64.61666666666666,86.3262432594368,9.189779748352308,8.25256537570341,12.85,25.48,-12.63,38,2024
2024-09-20,0.0,0.0,0.0,,,,12.25,19.11,-6.86,38,2024
2024-09-21,0.0,0.0,0.0,,,,11.68,14.33,-2.65,38,2024
2024-09-22,0.0,0.0,0.0,,,,11.14,10.75,0.39,38,2024
2024-09-23,158.86,14.5685,59.86666666666667,169.37346711259755,14.509504013377928,81.44078212290503,18.01,47.78,-29.77,39,2024
2024-09-24,0.0,0.0,0.0,,,,17.17,35.83,-18.66,39,2024
2024-09-25,0.0,0.0,0.0,,,,16.37,26.87,-10.5,39,2024
2024-09-26,34.7,11.572,103.43333333333334,92.41712275215012,8.038579046129788,7.992138364779874,17.22,28.83,-11.61,39,2024
2024-09-27,73.61,7.5975,43.56666666666667,149.3927342256214,10.453214684512428,80.54117196476446,19.85,40.03,-20.18,39,2024
2024-09-28,101.96,9.5775,34.4,174.4881355932203,16.507659661016948,85.79524502668608,23.66,55.51,-31.85,39,2024
2024-09-28,22.32,2.471,13.133333333333333,149.63466666666667,12.0874944,81.6970509383378,23.6,47.21,-23.61,39,2024
2024-09-29,0.0,0.0,0.0,,,,22.5,35.41,-12.91,39,2024
2024-09-30,0.0,0.0,0.0,,,,21.46,26.56,-5.1,40,2024
2024-10-01,69.0,7.568,33.03333333333333,158.59929078014184,14.521313069908814,81.19593908629442,23.67,37.17,-13.5,40,2024
2024-10-02,0.0,0.0,0.0,,,,22.57,27.88,-5.31,40,2024
2024-10-03,0.0,0.0,0.0,,,,21.52,20.91,0.61,40,2024
2024-10-04,29.0,3.0895,19.166666666666668,144.74543874891398,9.66263145091225,80.08282476024411,21.87,22.93,-1.06,40,2024
2024-10-05,0.0,0.0,0.0,,,,20.85,17.2,3.65,40,2024
2024-10-06,0.0,0.0,0.0,,,,19.88,12.9,6.98,40,2024
2024-10-07,147.59,15.032,64.46666666666667,162.67743602998192,13.899577668648227,81.77412677878395,25.82,46.57,-20.75,41,2024
2024-10-08,0.0,0.0,0.0,,,,24.62,34.93,-10.31,41,2024
2024-10-09,85.19,14.885,59.96666666666667,142.1333703806613,14.771346151708808,83.178859527121,27.44,47.49,-20.05,41,2024
2024-10-10,104.03,9.3535,43.98333333333333,164.14496418036242,13.868034386852086,82.25200168563,31.0,61.63,-30.63,41,2024
2024-10-11,0.0,0.0,0.0,,,,29.56,46.22,-16.66,41,2024
2024-10-12,0.0,0.0,0.0,,,,28.18,34.67,-6.49,41,2024
2024-10-13,117.57,19.862,69.63333333333334,149.36396267049534,17.104723330940416,84.08862275449101,32.34,55.39,-23.05,41,2024
2024-10-14,0.0,0.0,0.0,,,,30.84,41.54,-10.7,42,2024
2024-10-15,0.0,0.0,0.0,,,,29.4,31.16,-1.76,42,2024
2024-10-16,0.0,0.0,0.0,,,,28.03,23.37,4.66,42,2024
2024-10-17,0.0,0.0,0.0,,,,26.73,17.53,9.2,42,2024
2024-10-18,120.48,15.763,74.93333333333334,147.29287003610108,12.71973736462094,83.72583559168925,31.09,43.26,-12.17,42,2024
2024-10-19,0.0,0.0,0.0,,,,29.64,32.45,-2.81,42,2024
2024-10-20,0.0,0.0,0.0,,,,28.27,24.34,3.93,42,2024
2024-10-21,0.0,0.0,0.0,,,,26.95,18.25,8.7,43,2024
2024-10-22,0.0,0.0,0.0,,,,25.7,13.69,12.01,43,2024
2024-10-23,0.0,0.0,0.0,,,,24.5,10.27,14.23,43,2024
2024-10-24,0.0,0.0,0.0,,,,23.36,7.7,15.66,43,2024
2024-10-25,0.0,0.0,0.0,,,,22.28,5.78,16.5,43,2024
2024-10-26,0.0,0.0,0.0,,,,21.24,4.33,16.91,43,2024
2024-10-27,0.0,0.0,0.0,,,,20.25,3.25,17.0,43,2024
2024-10-28,0.0,0.0,0.0,,,,19.31,2.44,16.87,44,2024
2024-10-29,0.0,0.0,0.0,,,,18.41,1.83,16.58,44,2024
2024-10-30,0.0,0.0,0.0,,,,17.56,1.37,16.19,44,2024
2024-10-31,0.0,0.0,0.0,,,,16.74,1.03,15.71,44,2024
2024-11-01,92.35,8.895,38.2,165.1330135194069,13.889616397732228,84.42769768457842,20.26,23.86,-3.6,44,2024
2024-11-02,0.0,0.0,0.0,,,,19.31,17.89,1.42,44,2024
2024-11-03,10.95,2.226,10.633333333333333,129.31611893583724,12.199571830985915,84.26760563380282,18.92,16.16,2.76,44,2024
2024-11-04,0.0,0.0,0.0,,,,18.04,12.12,5.92,45,2024
2024-11-05,0.0,0.0,0.0,,,,17.21,9.09,8.12,45,2024
2024-11-06,153.36,14.118,56.86666666666667,170.11719894520948,14.697612305889246,84.65180404810795,23.54,45.16,-21.62,45,2024
2024-11-07,0.0,0.0,0.0,,,,22.44,33.87,-11.43,45,2024
2024-11-08,0.0,0.0,0.0,,,,21.4,25.4,-4.0,45,2024
2024-11-09,0.0,0.0,0.0,,,,20.4,19.05,1.35,45,2024
2024-11-10,0.0,0.0,0.0,,,,19.45,14.29,5.16,45,2024
2024-11-11,0.0,0.0,0.0,,,,18.55,10.72,7.83,46,2024
2024-11-12,72.38,8.1835,40.1,152.2251765683423,12.128881595346906,83.78984602580108,21.05,26.13,-5.08,46,2024
2024-11-13,0.0,0.0,0.0,,,,20.07,19.6,0.47,46,2024
2024-11-14,0.0,0.0,0.0,,,,19.14,14.7,4.44,46,2024
2024-11-15,0.0,0.0,0.0,,,,18.25,11.02,7.23,46,2024
2024-11-16,26.93,4.0465,21.566666666666663,136.88957528957528,11.115432277992278,84.2594887683966,18.65,15.0,3.65,46,2024
2024-11-17,49.85,9.999,33.13333333333333,144.50477626948216,17.880128506787333,86.78639798488665,20.11,23.71,-3.6,46,2024
2024-11-18,57.71,6.7335,30.566666666666663,154.16694584031268,13.418028140703518,82.61920714684534,21.85,32.21,-10.36,47,2024
2024-11-19,70.69,9.96,41.93333333333333,149.29678188319429,14.137610488676996,83.35972940708317,24.13,41.83,-17.7,47,2024
2024-11-20,0.0,0.0,0.0,,,,23.0,31.37,-8.37,47,2024
2024-11-21,75.76,8.195,35.9,159.04686774941996,13.590076844547564,84.24779172477918,25.46,42.47,-17.01,47,2024
2024-11-22,0.0,0.0,0.0,,,,24.27,31.85,-7.58,47,2024
2024-11-23,0.0,0.0,0.0,,,,23.14,23.89,-0.75,47,2024
2024-11-24,0.0,0.0,0.0,,,,22.07,17.92,4.15,47,2024
2024-11-25,0.0,0.0,0.0,,,,21.04,13.44,7.6,48,2024
2024-11-26,0.0,0.0,0.0,,,,20.06,10.08,9.98,48,2024
2024-11-27,0.0,0.0,0.0,,,,19.13,7.56,11.57,48,2024
2024-11-28,0.0,0.0,0.0,,,,18.24,5.67,12.57,48,2024
2024-11-29,0.0,0.0,0.0,,,,17.39,4.25,13.14,48,2024
2024-11-30,0.0,0.0,0.0,,,,16.58,3.19,13.39,48,2024
2024-12-01,0.0,0.0,0.0,,,,15.81,2.39,13.42,48,2024
2024-12-02,141.59,13.236,57.15,166.2422543523163,13.942592859250516,83.74210681616997,21.66,37.19,-15.53,49,2024
2024-12-03,0.0,0.0,0.0,,,,20.65,27.89,-7.24,49,2024
2024-12-04,0.0,0.0,0.0,,,,19.69,20.92,-1.23,49,2024
2024-12-05,0.0,0.0,0.0,,,,18.78,15.69,3.09,49,2024
2024-12-06,0.0,0.0,0.0,,,,17.9,11.77,6.13,49,2024
2024-12-07,0.0,0.0,0.0,,,,17.07,8.83,8.24,49,2024
2024-12-08,0.0,0.0,0.0,,,,16.28,6.62,9.66,49,2024
2024-12-09,0.0,0.0,0.0,,,,15.52,4.96,10.56,50,2024
2024-12-10,0.0,0.0,0.0,,,,14.8,3.72,11.08,50,2024
2024-12-11,0.0,0.0,0.0,,,,14.11,2.79,11.32,50,2024
2024-12-12,0.0,0.0,0.0,,,,13.45,2.09,11.36,50,2024
2024-12-13,0.0,0.0,0.0,,,,12.83,1.57,11.26,50,2024
2024-12-14,0.0,0.0,0.0,,,,12.23,1.18,11.05,50,2024
2024-12-15,45.16,4.3865,24.0,154.02172284644195,12.029786966292136,80.81968444778362,13.76,12.17,1.59,50,2024
2024-12-15,72.28,10.1705,33.43333333333333,160.12107623318386,18.090211659192825,85.98252621068397,16.48,27.2,-10.72,50,2024
2024-12-16,73.63,13.652,49.1,144.36952833389887,13.15157692568714,83.43298269426535,19.14,38.81,-19.67,51,2024
2024-12-17,0.0,0.0,0.0,,,,18.25,29.11,-10.86,51,2024
2024-12-18,0.0,0.0,0.0,,,,17.4,21.83,-4.43,51,2024
2024-12-19,0.0,0.0,0.0,,,,16.59,16.37,0.22,51,2024
2024-12-20,0.0,0.0,0.0,,,,15.82,12.28,3.54,51,2024
2024-12-21,0.0,0.0,0.0,,,,15.09,9.21,5.88,51,2024
2024-12-22,0.0,0.0,0.0,,,,14.38,6.91,7.47,51,2024
2024-12-23,94.14,10.444,51.6,152.686911334849,12.21790074699578,83.51073519843851,18.09,28.72,-10.63,52,2024
2024-12-23,81.19,9.507,45.06666666666667,152.1414814814815,12.649648,84.00519287833828,21.03,41.83,-20.8,52,2024
2024-12-24,106.23,11.5385,53.73333333333333,156.1767441860465,12.86562976744186,83.81496429680223,24.99,57.93,-32.94,52,2024
2024-12-25,97.99,9.1175,39.1,166.7635279079676,13.82374537707712,83.8625693555271,28.39,67.95,-39.56,52,2024
2024-12-26,0.0,0.0,0.0,,,,27.07,50.96,-23.89,52,2024
2024-12-27,86.66,9.264,45.56666666666667,154.4845701689934,12.183014988978693,81.78623988226637,29.84,59.89,-30.05,52,2024
2024-12-28,0.0,0.0,0.0,,,,28.45,44.91,-16.46,52,2024
2024-12-29,0.0,0.0,0.0,,,,27.13,33.69,-6.56,52,2024
2024-12-30,0.0,0.0,0.0,,,,25.87,25.26,0.61,1,2024
2024-12-31,0.0,0.0,0.0,,,,24.66,18.95,5.71,1,2024
2025-01-01,0.0,0.0,0.0,,,,23.52,14.21,9.31,1,2025
2025-01-02,0.0,0.0,0.0,,,,22.42,10.66,11.76,1,2025
2025-01-03,0.0,0.0,0.0,,,,21.38,7.99,13.39,1,2025
2025-01-04,0.0,0.0,0.0,,,,20.38,6.0,14.38,1,2025
2025-01-05,0.0,0.0,0.0,,,,19.44,4.5,14.94,1,2025
2025-01-06,0.0,0.0,0.0,,,,18.53,3.37,15.16,2,2025
2025-01-07,36.34,4.0185,17.1,159.3622200584226,13.790727166504382,83.1209756097561,19.36,11.61,7.75,2,2025
2025-01-08,0.0,0.0,0.0,,,,18.46,8.71,9.75,2,2025
2025-01-09,0.0,0.0,0.0,,,,17.6,6.53,11.07,2,2025
2025-01-10,69.83,10.1225,49.9,141.51311754684838,12.4413865758092,81.80450358239509,20.03,22.36,-2.33,2,2025
2025-01-11,76.12,7.097,30.633333333333333,166.37692307692308,14.042375604395604,83.51156387665198,22.64,35.8,-13.16,2,2025
2025-01-12,80.59,8.1625,30.433333333333334,169.27640941434043,16.089152709359606,86.11958310477236,25.33,47.0,-21.67,2,2025
2025-01-13,80.25,7.5125,33.86666666666667,164.22813121272367,13.426924652087475,84.14043824701196,27.89,55.31,-27.42,3,2025
2025-01-13,121.27,13.247,57.56666666666667,158.972503617945,13.800947496382054,83.14662416690814,32.23,71.8,-39.57,3,2025
2025-01-14,0.0,0.0,0.0,,,,30.73,53.85,-23.12,3,2025
2025-01-15,0.0,0.0,0.0,,,,29.3,40.39,-11.09,3,2025
2025-01-16,0.0,0.0,0.0,,,,27.94,30.29,-2.35,3,2025
2025-01-17,57.77,6.948,34.11666666666667,149.4873515745999,12.835793495095508,83.54526642524573,29.33,37.16,-7.83,3,2025
2025-01-18,0.0,0.0,0.0,,,,27.96,27.87,0.09,3,2025
2025-01-19,189.84,16.181,70.51666666666667,170.03504617570448,13.7026152971821,83.7869163308841,35.49,68.36,-32.87,3,2025
2025-01-20,113.58,18.371,69.03333333333333,148.2664735698769,13.747302534395365,83.46777697320782,39.13,79.67,-40.54,4,2025
2025-01-21,0.0,0.0,0.0,,,,37.31,59.75,-22.44,4,2025
2025-01-22,0.0,0.0,0.0,,,,35.57,44.81,-9.24,4,2025
2025-01-23,106.95,12.024,66.45,147.33426042983564,11.015373754740835,83.91521133890154,38.89,60.35,-21.46,4,2025
2025-01-24,171.03,18.393,86.31666666666666,156.27601015030257,12.96033941050166,83.47489744090643,45.04,88.02,-42.98,4,2025
2025-01-25,82.0,10.80936,40.28333333333333,157.4577553593947,16.355586885245902,82.87789473684211,46.76,86.51,-39.75,4,2025
2025-01-25,79.84,9.493,49.516666666666666,147.40998641304347,11.523576766304348,85.18843537414966,48.29,84.84,-36.55,4,2025
2025-01-26,0.0,0.0,0.0,,,,46.05,63.63,-17.58,4,2025
2025-01-27,107.83,12.86912,59.38333333333333,152.48150240045186,13.075176616774923,81.7410234662143,48.92,74.68,-25.76,5,2025
2025-01-28,64.7,9.02882,44.91666666666666,142.7040059347181,12.052382047477746,81.8829866270431,49.66,72.19,-22.53,5,2025
2025-01-29,64.63,8.797,44.25,143.27484939759037,11.919951054216869,82.00075414781297,50.35,70.3,-19.95,5,2025
2025-01-29,66.93,8.211,41.8,147.1196406696611,12.999141363821968,81.73050224581462,51.12,69.46,-18.34,5,2025
2025-01-30,0.0,0.0,0.0,,,,48.75,52.09,-3.34,5,2025
2025-01-31,0.0,0.0,0.0,,,,46.48,39.07,7.41,5,2025
2025-02-01,179.05,21.009,85.31666666666666,158.8044921875,14.669677265625,83.30316653635653,52.64,74.06,-21.42,5,2025
2025-02-02,0.0,0.0,0.0,,,,50.2,55.55,-5.35,5,2025
2025-02-03,179.25,17.3157,80.01666666666667,161.70449812578093,12.97400566430654,79.02709462275948,56.2,86.47,-30.27,6,2025
2025-02-04,0.0,0.0,0.0,,,,53.58,64.86,-11.28,6,2025
2025-02-05,0.0,0.0,0.0,,,,51.09,48.64,2.45,6,2025
2025-02-06,54.75,7.577,39.15,141.4868085106383,11.596787234042552,83.64565587734242,51.26,50.17,1.09,6,2025
2025-02-06,68.11,7.73,34.916666666666664,155.5937198067633,14.092187826086956,77.94966118102614,52.05,54.65,-2.6,6,2025
2025-02-07,128.14,16.016,74.01666666666667,150.43264014466547,13.02354683544304,83.52578018995929,55.58,73.03,-17.45,6,2025
2025-02-07,58.33,7.534,33.31666666666667,150.914,13.5612648,81.4744488977956,55.71,69.35,-13.64,6,2025
2025-02-08,88.79,13.742,59.98333333333333,143.8318335208099,13.91236197975253,82.65990990990991,57.25,74.21,-16.96,6,2025
2025-02-09,0.0,0.0,0.0,,,,54.59,55.66,-1.07,6,2025
2025-02-10,0.0,0.0,0.0,,,,52.05,41.74,10.31,7,2025
2025-02-11,100.28,13.01927,59.95,148.96831573096165,13.02159622012229,83.09488035614913,54.29,56.38,-2.09,7,2025
2025-02-12,0.0,0.0,0.0,,,,51.77,42.28,9.49,7,2025
2025-02-13,0.0,0.0,0.0,,,,49.36,31.71,17.65,7,2025
2025-02-14,0.0,0.0,0.0,,,,47.06,23.78,23.28,7,2025
2025-02-15,0.0,0.0,0.0,,,,44.87,17.84,27.03,7,2025
2025-02-16,88.61,10.082,39.85,161.372491638796,15.05259933110368,84.40794979079497,46.91,35.53,11.38,7,2025
2025-02-16,90.95,10.33598,45.61666666666667,156.54784514243974,13.428558802045288,80.32213294375457,48.96,49.39,-0.43,7,2025
2025-02-17,58.05,9.991,45.11666666666667,138.0923423423423,13.502633783783784,80.93684210526315,49.38,51.55,-2.17,8,2025
2025-02-18,140.35,13.097,60.41666666666666,163.33452840595697,12.9996,81.33074792243767,53.61,73.75,-20.14,8,2025
2025-02-19,44.88,5.362,24.716666666666665,152.48450134770889,12.9996,80.47146739130434,53.21,66.53,-13.32,8,2025
2025-02-19,116.66,12.308,56.91666666666666,157.76404494382024,13.151020342992313,81.8413262285376,56.16,79.07,-22.91,8,2025
2025-02-20,0.0,0.0,0.0,,,,53.54,59.3,-5.76,8,2025
2025-02-21,0.0,0.0,0.0,,,,51.05,44.47,6.58,8,2025
2025-02-22,0.0,0.0,0.0,,,,48.68,33.36,15.32,8,2025
2025-02-23,0.0,0.0,0.0,,,,46.42,25.02,21.4,8,2025
2025-02-24,54.57,9.753,44.98333333333333,135.73444444444445,12.999600000000004,79.43234200743494,46.79,32.41,14.38,9,2025
2025-02-25,0.0,0.0,0.0,,,,44.62,24.3,20.32,9,2025
2025-02-26,39.67,5.951,28.25,141.65448113207546,12.629721226415096,81.8581560283688,44.39,28.15,16.24,9,2025
2025-02-27,0.0,0.0,0.0,,,,42.32,21.11,21.21,9,2025
2025-02-28,165.14,20.029,85.58333333333333,155.1158596353656,14.228926955498922,84.67856442439694,48.04,57.12,-9.08,9,2025
2025-03-01,0.0,0.0,0.0,,,,45.8,42.84,2.96,9,2025
2025-03-02,0.0,0.0,0.0,,,,43.67,32.13,11.54,9,2025
2025-03-03,87.2,10.265,46.583333333333336,153.79899856938485,13.211922746781116,82.1647564469914,45.7,45.9,-0.2,10,2025
2025-03-04,0.0,0.0,0.0,,,,43.57,34.42,9.15,10,2025
2025-03-05,15.98,2.054,8.95,151.76765799256506,13.439087732342006,84.46082089552239,42.29,29.81,12.48,10,2025
2025-03-05,10.21,1.662,5.083333333333333,156.85294117647058,19.5012,85.5578231292517,40.8,24.91,15.89,10,2025
2025-03-06,0.0,0.0,0.0,,,,38.9,18.68,20.22,10,2025
2025-03-07,0.0,0.0,0.0,,,,37.09,14.01,23.08,10,2025
2025-03-08,0.0,0.0,0.0,,,,35.36,10.51,24.85,10,2025
2025-03-09,90.87,10.554,46.91666666666666,155.28081457663453,13.651938263665595,83.93309481216458,37.95,30.6,7.35,10,2025
2025-03-10,0.0,0.0,0.0,,,,36.18,22.95,13.23,11,2025
2025-03-11,0.0,0.0,0.0,,,,34.5,17.21,17.29,11,2025
2025-03-12,27.69,4.356199999999999,19.78333333333333,141.51683501683502,13.177524242424242,81.18971332209107,34.18,19.83,14.35,11,2025
2025-03-12,21.79,3.518,11.983333333333333,152.55093256814922,18.159128263988524,78.02020202020202,33.6,20.32,13.28,11,2025
2025-03-13,55.52,5.843,23.683333333333334,163.74239049740163,15.41424587973274,83.75577066269545,34.62,29.12,5.5,11,2025
2025-03-14,117.1,15.07,60.25,155.4308628318584,15.0012,83.24763231197771,38.46,51.12,-12.66,11,2025
2025-03-15,0.0,0.0,0.0,,,,36.67,38.34,-1.67,11,2025
2025-03-16,95.0,10.024,37.88333333333333,166.7911169744943,15.8750327176781,84.86960352422908,39.38,52.5,-13.12,11,2025
2025-03-17,85.21,11.27,45.05,154.24704142011834,15.0012,81.78927773641102,41.52,60.68,-19.16,12,2025
2025-03-17,27.0,4.105,18.916666666666668,142.32570422535213,12.9996,82.19584837545126,40.84,52.26,-11.42,12,2025
2025-03-18,161.52,18.325,90.91666666666669,151.5406891495601,12.118918328445748,84.00935436537051,46.45,79.57,-33.12,12,2025
2025-03-19,0.0,0.0,0.0,,,,44.29,59.68,-15.39,12,2025
2025-03-20,22.96,3.737,17.216666666666665,139.54255319148936,12.9996,81.7490234375,43.3,50.5,-7.2,12,2025
2025-03-21,57.36,7.138,30.683333333333334,153.74061990212073,14.010011745513866,84.49891067538127,43.95,52.22,-8.27,12,2025
2025-03-22,38.18,4.017,18.95,157.00966608084357,12.79149595782074,81.56349206349206,43.69,48.71,-5.02,12,2025
2025-03-22,122.73,10.284,36.18333333333333,180.83103130755063,17.0324817679558,85.31918819188192,47.36,67.21,-19.85,12,2025
2025-03-23,0.0,0.0,0.0,,,,45.16,50.41,-5.25,12,2025
2025-03-24,153.45,18.026,80.61666666666666,154.52211657709796,13.466490533278217,82.8394704178734,50.2,76.17,-25.97,13,2025
2025-03-25,0.0,0.0,0.0,,,,47.86,57.13,-9.27,13,2025
2025-03-26,0.0,0.0,0.0,,,,45.64,42.85,2.79,13,2025
2025-03-27,183.16,19.037,75.28333333333333,165.41876936697653,15.256100398406376,84.19849357554276,52.03,77.92,-25.89,13,2025
2025-03-28,64.66,8.742,40.31666666666667,147.18719008264463,12.9996,80.6851081530782,52.62,74.61,-21.99,13,2025
2025-03-29,0.0,0.0,0.0,,,,50.17,55.96,-5.79,13,2025
2025-03-30,114.05,14.227,62.55,152.66062866275973,13.653492914224827,83.15413333333333,53.14,70.48,-17.34,13,2025
2025-03-30,17.98,2.106,8.783333333333333,157.70075757575756,14.45884090909091,83.3022813688213,51.51,57.35,-5.84,13,2025
2025-03-31,102.64,12.764,58.88333333333333,150.72608941709112,12.9996,79.6879271070615,53.89,68.68,-14.79,14,2025
2025-04-01,89.56,11.574,60.016666666666666,144.16907273736814,11.63942065519156,84.08087826570316,55.55,73.9,-18.35,14,2025
2025-04-01,42.09,4.37,26.95,146.06616126809098,11.269262853204689,72.06703524533518,54.92,65.95,-11.03,14,2025
2025-04-02,100.4,11.833,55.38333333333333,152.40854392298436,12.691508664259928,83.24759036144579,57.03,74.56,-17.53,14,2025
2025-04-03,0.0,0.0,0.0,,,,54.38,55.92,-1.54,14,2025
2025-04-04,0.0,0.0,0.0,,,,51.85,41.94,9.91,14,2025
2025-04-05,31.25,3.918,18.183333333333334,150.11904761904762,12.912847252747254,82.55055147058823,50.89,39.27,11.62,14,2025
2025-04-06,0.0,0.0,0.0,,,,48.53,29.45,19.08,14,2025
2025-04-07,137.19,18.057,91.08333333333331,144.5554740509811,11.96209293966624,84.01486511286474,52.65,56.39,-3.74,15,2025
2025-04-07,133.3,13.1395,247.26666666666668,106.44851942406954,12.017370171149144,44.39635968486824,56.4,75.61,-19.21,15,2025
2025-04-08,51.4,7.204,35.05,143.44249049429658,12.394002661596955,84.23714285714286,56.17,69.56,-13.39,15,2025
2025-04-09,103.06,11.68,51.61666666666667,156.61234487263226,13.76792606139778,83.85228758169934,58.35,77.94,-19.59,15,2025
2025-04-10,0.0,0.0,0.0,,,,55.64,58.45,-2.81,15,2025
2025-04-11,169.61,19.735,90.45,153.8729016786571,13.09488810182623,85.0452279859701,60.94,86.24,-25.3,15,2025
2025-04-12,116.52,13.019,54.65,159.50518292682926,14.32369975609756,83.33150183150182,63.52,93.81,-30.29,15,2025
2025-04-13,0.0,0.0,0.0,,,,60.57,70.36,-9.79,15,2025
2025-04-14,0.0,0.0,0.0,,,,57.75,52.77,4.98,16,2025
2025-04-15,0.0,0.0,0.0,,,,55.06,39.58,15.48,16,2025
2025-04-16,112.92,13.024,60.083333333333336,153.97115917914587,12.9996,81.82351306281268,57.76,57.91,-0.15,16,2025
2025-04-17,0.0,0.0,0.0,,,,55.07,43.43,11.64,16,2025
2025-04-18,0.0,0.0,0.0,,,,52.51,32.58,19.93,16,2025
2025-04-19,0.0,0.0,0.0,,,,50.07,24.43,25.64,16,2025
2025-04-20,0.0,0.0,0.0,,,,47.74,18.32,29.42,16,2025
2025-04-21,65.01,7.458,30.35,159.70694522868436,14.730197854319591,82.54046406338426,48.54,30.0,18.54,17,2025
2025-04-22,90.87,10.02,40.05,162.2741264559068,15.0012,81.00836820083683,50.51,45.21,5.3,17,2025
2025-04-23,123.15,15.555,77.88333333333334,146.58814719726143,12.032388446726571,83.03811563169165,53.89,64.7,-10.81,17,2025
2025-04-24,0.0,0.0,0.0,,,,51.38,48.52,2.86,17,2025
2025-04-25,91.95,13.169,60.75,144.75726823916622,12.9996,80.89179515418502,53.27,59.38,-6.11,17,2025
2025-04-26,80.33,10.416,53.61666666666667,144.33312616532007,11.630313486637665,81.40385812072184,54.53,64.62,-10.09,17,2025
2025-04-27,0.0,0.0,0.0,,,,51.99,48.46,3.53,17,2025
2025-04-28,120.3,11.515,53.11666666666667,162.19447929736512,12.9996,81.42123503465659,55.17,66.42,-11.25,18,2025
2025-04-29,164.75,15.357,70.85,163.37817497648166,12.9996,79.21081208687441,60.27,91.0,-30.73,18,2025
2025-04-30,134.86,15.033,60.083333333333336,161.79173599556296,15.0012,80.95361111111112,63.73,101.97,-38.24,18,2025
2025-05-01,0.0,0.0,0.0,,,,60.77,76.48,-15.71,18,2025
2025-05-02,137.41,13.089,60.38333333333333,162.40949227373068,12.9996,81.24611973392462,64.33,91.71,-27.38,18,2025
2025-05-03,0.0,0.0,0.0,,,,61.34,68.78,-7.44,18,2025
2025-05-04,0.0,0.0,0.0,,,,58.49,51.59,6.9,18,2025
2025-05-05,113.71,11.454,52.81666666666667,159.9365930599369,12.9996,76.83438885370488,61.06,67.12,-6.06,19,2025
2025-05-06,79.55,10.843,50.016666666666666,146.8327781479014,12.9996,80.9682061579652,61.92,70.23,-8.31,19,2025
2025-05-07,72.69,8.684,40.05,152.46422628951748,12.9996,79.55183946488295,62.42,70.84,-8.42,19,2025
2025-05-08,33.42,4.177,19.25,150.55536332179932,12.9996,79.47027972027972,61.07,61.49,-0.42,19,2025
2025-05-09,117.87,12.036,51.71666666666667,162.47696301103178,14.059239325113564,82.87719298245614,63.71,75.58,-11.87,19,2025
2025-05-10,0.0,0.0,0.0,,,,60.75,56.69,4.06,19,2025
2025-05-11,0.0,0.0,0.0,,,,57.92,42.51,15.41,19,2025
2025-05-12,0.0,0.0,0.0,,,,55.23,31.89,23.34,20,2025
2025-05-13,51.32,5.829,23.28333333333333,160.9856938483548,15.0012,77.97622478386167,55.05,36.74,18.31,20,2025
2025-05-14,101.74,11.395,45.55,161.57534747622532,15.0012,80.82022058823529,57.22,52.99,4.23,20,2025
2025-05-15,178.75,26.132,120.58333333333331,143.8917910447761,12.9996,78.68722283813747,62.87,84.43,-21.56,20,2025
2025-05-16,129.13,13.046,60.18333333333333,159.78543743078626,12.9996,80.70094496942745,65.95,95.61,-29.66,20,2025
2025-05-17,38.97,7.177,55.95,115.01178960096736,7.862188875453446,78.8707627118644,64.7,81.45,-16.75,20,2025
2025-05-17,33.0,4.479,17.883333333333333,153.1731843575419,15.0012,81.27669902912622,63.22,69.34,-6.12,20,2025
2025-05-18,0.0,0.0,0.0,,,,60.28,52.0,8.28,20,2025
2025-05-19,0.0,0.0,0.0,,,,57.48,39.0,18.48,21,2025
2025-05-20,129.73,11.729,46.88333333333333,171.29921819474058,15.0012,80.15200286123033,60.84,61.68,-0.84,21,2025
2025-05-20,110.26,7.435,34.28333333333333,178.3148688046647,12.9996,80.0435847208619,63.14,73.83,-10.69,21,2025
2025-05-21,0.0,0.0,0.0,,,,60.2,55.37,4.83,21,2025
2025-05-22,128.4,20.079,120.45,130.65260099612618,10.0008,79.62721729490022,63.37,73.63,-10.26,21,2025
2025-05-23,0.0,0.0,0.0,,,,60.43,55.22,5.21,21,2025
2025-05-24,0.0,0.0,0.0,,,,57.62,41.42,16.2,21,2025
2025-05-25,0.0,0.0,0.0,,,,54.94,31.06,23.88,21,2025
2025-05-26,101.63,12.004,44.98333333333333,162.08481481481482,15.9984,81.1515601783061,57.11,48.7,8.41,22,2025
2025-05-27,0.0,0.0,0.0,,,,54.45,36.53,17.92,22,2025
2025-05-28,0.0,0.0,0.0,,,,51.92,27.4,24.52,22,2025
2025-05-29,31.3,3.057,10.283333333333331,175.73300970873785,17.658576699029126,85.8961038961039,50.96,28.37,22.59,22,2025
2025-05-30,82.7,10.857,40.68333333333333,157.3968058968059,15.9984,81.47787979966611,52.44,41.95,10.49,22,2025
2025-05-31,0.0,0.0,0.0,,,,50.0,31.47,18.53,22,2025
2025-06-01,132.32,11.302,44.55,174.58624577226607,15.389354678692222,83.43695897628905,53.83,56.68,-2.85,22,2025
2025-06-01,44.02,3.559,16.483333333333334,169.66969696969696,12.86928,77.41277890466532,53.37,53.51,-0.14,22,2025
2025-06-02,71.63,9.991,46.083333333333336,145.87020968908172,12.9996,78.6815866084425,54.22,58.04,-3.82,23,2025
2025-06-03,0.0,0.0,0.0,,,,51.7,43.53,8.17,23,2025
2025-06-04,0.0,0.0,0.0,,,,49.29,32.65,16.64,23,2025
2025-06-05,14.61,2.134,9.816666666666666,144.0593220338983,12.9996,79.90068493150685,47.68,28.14,19.54,23,2025
2025-06-05,22.05,1.896,10.483333333333333,158.8939393939394,12.225351515151516,81.55555555555556,46.49,26.62,19.87,23,2025
2025-06-06,211.11,20.017,79.08333333333333,169.64854614412135,15.151196965865992,82.69097807757167,54.14,72.74,-18.6,23,2025
2025-06-07,93.15,9.76,45.016666666666666,158.17986676535898,12.9996,79.31892697466468,55.96,77.84,-21.88,23,2025
2025-06-08,49.39,4.516,20.95,163.99920508744037,13.072756120826709,83.94585987261146,55.65,70.73,-15.08,23,2025
2025-06-08,14.01,1.893,9.916666666666666,141.89093959731542,11.354925503355703,80.21283783783784,53.72,56.55,-2.83,23,2025
2025-06-08,55.95,5.868,23.816666666666663,163.83566433566435,14.77729006993007,83.00981767180926,53.82,56.4,-2.58,23,2025
2025-06-09,96.41,10.604,45.083333333333336,159.63525498891352,14.122310421286032,82.61658031088083,55.8,66.4,-10.6,24,2025
2025-06-09,66.91,7.471,34.45,155.39893617021278,12.9996,76.67853658536585,56.32,66.53,-10.21,24,2025
2025-06-10,0.0,0.0,0.0,,,,53.7,49.9,3.8,24,2025
2025-06-11,42.79,5.095,20.35,158.8911620294599,15.001199999999995,81.55980066445183,53.19,48.12,5.07,24,2025
2025-06-12,21.96,2.4,10.65,158.025,13.624340625,81.68652037617555,51.74,41.58,10.16,24,2025
2025-06-12,26.16,2.862,10.783333333333331,165.29320987654322,16.141533333333335,82.80124223602485,50.55,37.73,12.82,24,2025
2025-06-13,46.61,4.842,20.75,161.8314606741573,13.953389085072232,81.73268921095008,50.37,39.95,10.42,24,2025
2025-06-14,0.0,0.0,0.0,,,,48.02,29.96,18.06,24,2025
2025-06-15,0.0,0.0,0.0,,,,45.79,22.47,23.32,24,2025
2025-06-16,127.37,12.012,45.016666666666666,172.3301258327165,16.026653737971873,83.94848035581913,49.58,48.69,0.89,25,2025
2025-06-17,29.98,4.344,20.016666666666666,144.3261231281198,12.9996,81.1258445945946,48.67,44.02,4.65,25,2025
2025-06-18,0.0,0.0,0.0,,,,46.41,33.01,13.4,25,2025
2025-06-19,0.0,0.0,0.0,,,,44.25,24.76,19.49,25,2025
2025-06-20,90.66,7.071,27.98333333333333,178.66190476190476,15.187755,84.32040572792363,46.41,41.23,5.18,25,2025
2025-06-20,48.59,3.681,15.35,177.5656894679696,14.310828664495114,83.9629225736096,46.51,43.07,3.44,25,2025
2025-06-20,74.28,7.454,29.78333333333333,166.5397091722595,15.0012,82.00225988700565,47.8,50.87,-3.07,25,2025
2025-06-21,86.56,9.825,45.31666666666667,154.67610294117648,12.9996,80.24464153732447,49.6,59.8,-10.2,25,2025
2025-06-22,42.94,5.391,24.85,150.35254691689008,12.9996,80.50807537012113,49.29,55.58,-6.29,25,2025
2025-06-23,0.0,0.0,0.0,,,,47.0,41.69,5.31,26,2025
2025-06-24,96.97,8.108,33.38333333333333,173.5484194681385,14.651232313095836,82.92760180995475,49.33,55.51,-6.18,26,2025
2025-06-24,58.95,4.659,23.45,166.90536277602524,13.222007886435332,74.4248417721519,49.77,56.37,-6.6,26,2025
2025-06-24,24.42,2.653,11.55,159.13832853025937,13.627639193083573,83.85072463768115,48.59,48.38,0.21,26,2025
2025-06-25,0.0,0.0,0.0,,,,46.33,36.29,10.04,26,2025
2025-06-26,0.0,0.0,0.0,,,,44.18,27.21,16.97,26,2025
2025-06-27,0.0,0.0,0.0,,,,42.12,20.41,21.71,26,2025
2025-06-28,0.0,0.0,0.0,,,,40.16,15.31,24.85,26,2025
2025-06-29,0.0,0.0,0.0,,,,38.3,11.48,26.82,26,2025
2025-06-30,0.0,0.0,0.0,,,,36.52,8.61,27.91,27,2025
2025-07-01,158.12,3.777,66.21666666666667,164.57379310344828,9.29577351724138,73.67726330338631,42.17,45.99,-3.82,27,2025
2025-07-02,58.41,6.096,32.266666666666666,152.34558420186505,12.074988480526605,79.68609125893347,42.93,49.09,-6.16,27,2025
2025-07-03,0.0,0.0,0.0,,,,40.93,36.82,4.11,27,2025
2025-07-04,0.0,0.0,0.0,,,,39.03,27.62,11.41,27,2025
2025-07-05,27.06,3.13,14.416666666666666,153.90762124711316,12.9996,81.31529411764706,38.47,27.48,10.99,27,2025
2025-07-05,54.92,5.528,23.08333333333333,164.4054834054834,14.327275324675329,81.97250361794501,39.23,34.34,4.89,27,2025
2025-07-06,40.42,4.306,18.383333333333333,160.8713768115942,14.043851086956522,82.83454545454545,39.29,35.86,3.43,27,2025
2025-07-07,0.0,0.0,0.0,,,,37.46,26.89,10.57,28,2025
2025-07-08,0.0,0.0,0.0,,,,35.72,20.17,15.55,28,2025
2025-07-09,22.46,2.82,11.25,156.61094674556213,15.0012,82.32878787878788,35.1,20.74,14.36,28,2025
2025-07-09,56.29,4.506,49.6,133.09558823529412,13.230555882352942,65.7172131147541,36.09,29.63,6.46,28,2025
2025-07-10,80.21,7.591,30.316666666666663,169.2401098901099,15.0012,81.69303097345133,38.14,42.27,-4.13,28,2025
2025-07-11,62.45,6.92,27.65,162.06807228915662,15.0012,80.43248175182482,39.27,47.32,-8.05,28,2025
2025-07-12,0.0,0.0,0.0,,,,37.45,35.49,1.96,28,2025
2025-07-13,161.36,14.454,57.78333333333333,171.72347174163784,15.0012,81.37355324074075,43.21,66.96,-23.75,28,2025
2025-07-14,98.55,9.345,40.18333333333333,165.7819392426134,14.03061573033708,82.6640266777824,45.78,74.85,-29.07,29,2025
2025-07-15,0.0,0.0,0.0,,,,43.65,56.14,-12.49,29,2025
2025-07-16,0.0,0.0,0.0,,,,41.62,42.11,-0.49,29,2025
2025-07-17,0.0,0.0,0.0,,,,39.69,31.58,8.11,29,2025
2025-07-18,122.94,13.408,53.583333333333336,162.7742537313433,15.0012,81.53658536585365,43.56,54.42,-10.86,29,2025
2025-07-19,0.0,0.0,0.0,,,,41.53,40.81,0.72,29,2025
2025-07-20,106.32,10.024,42.25,166.95031545741324,14.270421293375394,83.39139020537125,44.55,57.19,-12.64,29,2025
2025-07-21,0.0,0.0,0.0,,,,42.47,42.89,-0.42,30,2025
2025-07-22,0.0,0.0,0.0,,,,40.5,32.17,8.33,30,2025
2025-07-23,0.0,0.0,0.0,,,,38.62,24.13,14.49,30,2025
2025-07-24,0.0,0.0,0.0,,,,36.82,18.1,18.72,30,2025
2025-07-25,0.0,0.0,0.0,,,,35.11,13.57,21.54,30,2025
2025-07-26,60.0,8.684,40.05,144.32945091514142,12.9996,80.78056951423785,36.26,25.18,11.08,30,2025
2025-07-26,98.15,9.906,40.11666666666667,165.67234219269102,14.874661794019936,84.02078137988363,39.14,43.42,-4.28,30,2025
2025-07-27,30.71,3.17,12.983333333333333,164.1397435897436,14.570889230769232,83.94458762886597,38.75,40.24,-1.49,30,2025
2025-07-27,66.7,6.228,25.0,169.6215856095936,14.99733857428381,79.95663775850566,40.05,46.86,-6.81,30,2025
2025-07-28,113.42,12.023,52.55,160.04692454026633,13.75444717818643,82.68654822335026,43.46,63.5,-20.04,31,2025
2025-07-29,0.0,0.0,0.0,,,,41.44,47.62,-6.18,31,2025
2025-07-30,32.74,5.448,25.116666666666667,138.6180371352785,12.9996,80.962,41.04,43.9,-2.86,31,2025
2025-07-31,0.0,0.0,0.0,,,,39.13,32.93,6.2,31,2025
2025-08-01,58.92,6.929,27.683333333333334,159.43020457280386,15.0012,82.82345828295043,40.05,39.43,0.62,31,2025
2025-08-02,110.57,13.053,60.21666666666667,152.96541228555617,12.9996,80.30560177481975,43.33,57.21,-13.88,31,2025
2025-08-03,0.0,0.0,0.0,,,,41.31,42.91,-1.6,31,2025
2025-08-04,0.0,0.0,0.0,,,,39.39,32.18,7.21,32,2025
2025-08-05,157.79,15.104,69.68333333333334,162.18675274988044,12.9996,81.29276473406804,44.9,63.58,-18.68,32,2025
2025-08-06,19.42,2.311,10.65,152.653125,12.96680625,84.45911949685535,43.71,52.54,-8.83,32,2025
2025-08-07,67.83,8.157,37.61666666666667,152.18113374667848,12.9996,81.1467971530249,44.84,56.36,-11.52,32,2025
2025-08-08,0.0,0.0,0.0,,,,42.75,42.27,0.48,32,2025
2025-08-09,40.1,4.336,19.98333333333333,156.82833333333335,12.9996,76.9748743718593,42.63,41.73,0.9,32,2025
2025-08-10,0.0,0.0,0.0,,,,40.64,31.3,9.34,32,2025
2025-08-11,0.0,0.0,0.0,,,,38.75,23.47,15.28,33,2025
2025-08-12,0.0,0.0,0.0,,,,36.95,17.6,19.35,33,2025
2025-08-13,69.47,6.036,26.08333333333333,169.54214559386972,13.800988505747128,82.71062740076825,38.46,30.57,7.89,33,2025
2025-08-13,119.83,13.032,60.11666666666667,156.53741685144124,12.9996,81.1147859922179,42.25,52.89,-10.64,33,2025
2025-08-14,0.0,0.0,0.0,,,,40.28,39.66,0.62,33,2025
2025-08-15,111.52,13.024,60.083333333333336,153.4287298946201,12.9996,81.73361111111112,43.6,57.63,-14.03,33,2025
2025-08-16,0.0,0.0,0.0,,,,41.57,43.22,-1.65,33,2025
2025-08-17,67.76,7.554,30.183333333333334,161.80077262693158,15.0012,80.9771714922049,42.79,49.36,-6.57,33,2025
2025-08-18,137.08,15.234,70.23333333333333,155.61684460260972,12.9996,80.65503323836657,47.17,71.29,-24.12,34,2025
2025-08-19,0.0,0.0,0.0,,,,44.98,53.47,-8.49,34,2025
2025-08-20,35.71,4.787,19.116666666666667,153.705574912892,15.0012,81.47368421052632,44.55,49.03,-4.48,34,2025
2025-08-21,0.0,0.0,0.0,,,,42.48,36.77,5.71,34,2025
2025-08-22,143.67,15.162,60.61666666666667,164.2355689939527,15.0012,81.83333333333333,47.18,63.49,-16.31,34,2025
2025-08-23,166.74,21.503,99.21666666666668,149.16543500167955,12.9996,80.11903160726294,52.74,89.31,-36.57,34,2025
2025-08-24,111.85,11.568,50.583333333333336,161.1251646903821,13.720316205533596,82.63381674357284,55.49,94.94,-39.45,34,2025
2025-08-25,97.34,10.029,40.083333333333336,165.3341645885287,15.0012,82.12166666666667,57.44,95.54,-38.1,35,2025
2025-08-26,0.0,0.0,0.0,,,,54.77,71.66,-16.89,35,2025
2025-08-27,76.41,8.684,40.05,154.62312811980033,12.9996,81.90658882402002,55.77,72.84,-17.07,35,2025
2025-08-28,72.11,7.362,29.416666666666668,165.75877689694224,15.0012,82.29522184300342,56.53,72.66,-16.13,35,2025
2025-08-29,0.0,0.0,0.0,,,,53.9,54.5,-0.6,35,2025
2025-08-30,45.62,4.488,20.683333333333334,161.01288244766505,12.9996,81.43181818181819,53.52,52.28,1.24,35,2025
2025-08-31,40.89,4.55,22.383333333333333,152.73883928571428,12.297642857142856,83.05597014925372,52.93,49.43,3.5,35,2025
2025-08-31,41.05,4.878,15.566666666666666,169.0909090909091,18.81443165775401,87.6812834224599,52.38,47.34,5.04,35,2025
2025-09-01,115.69,10.279,41.083333333333336,172.11151662611516,15.0012,82.4686737184703,55.32,64.42,-9.1,36,2025
2025-09-02,198.62,21.525,99.31666666666666,156.68036912751677,12.9996,81.0895497311828,61.99,97.97,-35.98,36,2025
2025-09-03,144.53,11.927,55.016666666666666,168.91278013325257,12.9996,81.9554004854369,65.83,109.61,-43.78,36,2025
2025-09-04,99.82,9.529,43.95,162.3210765731615,12.9996,81.55015197568389,67.41,107.16,-39.75,36,2025
2025-09-05,0.0,0.0,0.0,,,,64.27,80.37,-16.1,36,2025
2025-09-06,0.0,0.0,0.0,,,,61.28,60.28,1.0,36,2025
2025-09-07,56.59,6.561,30.25,153.77092511013217,12.9996,81.39613259668508,61.07,59.36,1.71,36,2025
2025-09-08,150.41,14.001,59.35,167.27288087862573,14.169478344128414,82.56466610312764,65.22,82.12,-16.9,37,2025
2025-09-08,114.63,13.017,60.05,154.64789123196448,12.9996,80.16342412451363,67.52,90.25,-22.73,37,2025
2025-09-09,0.0,0.0,0.0,,,,64.38,67.69,-3.31,37,2025
2025-09-10,82.26,8.778,40.48333333333333,157.38230452674898,12.9996,80.80800990916597,65.21,71.33,-6.12,37,2025
2025-09-11,0.0,0.0,0.0,,,,62.18,53.5,8.68,37,2025
2025-09-12,0.0,0.0,0.0,,,,59.29,40.12,19.17,37,2025
2025-09-13,17.35,2.56,11.75,143.72478386167148,12.84867492795389,83.51014492753623,57.33,34.43,22.9,37,2025
2025-09-13,116.49,11.47,45.85,167.38735465116278,15.0012,81.1471877282688,60.09,54.94,5.15,37,2025
2025-09-13,15.71,2.395,11.25,141.41863905325442,12.74038402366864,82.8293768545994,58.02,45.14,12.88,37,2025
2025-09-14,22.58,2.432,10.783333333333331,158.70833333333334,13.38435,82.37732919254658,56.37,39.5,16.87,37,2025
2025-09-14,20.05,2.579,11.783333333333331,149.69985775248932,13.10908506401138,82.13714285714286,54.68,34.64,20.04,37,2025
2025-09-14,28.78,3.715,17.116666666666667,149.1916996047431,12.9996,79.73895582329317,53.48,33.17,20.31,37,2025
2025-09-15,0.0,0.0,0.0,,,,50.99,24.88,26.11,38,2025
2025-09-16,0.0,0.0,0.0,,,,48.62,18.66,29.96,38,2025
2025-09-17,79.4,8.444,35.75,161.32246039142592,14.260499161230197,81.68534080298787,50.05,33.84,16.21,38,2025
2025-09-18,0.0,0.0,0.0,,,,47.72,25.38,22.34,38,2025
2025-09-19,0.0,0.0,0.0,,,,45.5,19.04,26.46,38,2025
2025-09-20,69.19,9.468,43.65,146.69097222222223,12.999600000000004,81.73333333333333,46.61,31.58,15.03,38,2025
2025-09-21,0.0,0.0,0.0,,,,44.44,23.68,20.76,38,2025
2025-09-22,67.67,8.178,37.71666666666667,151.96716149347728,12.9996,81.48352144469526,45.52,34.68,10.84,39,2025
2025-09-23,0.0,0.0,0.0,,,,43.4,26.01,17.39,39,2025
2025-09-24,128.04,13.075,60.31666666666667,159.30939226519337,12.9996,81.67425083240843,47.34,51.52,-4.18,39,2025
2025-09-24,27.43,2.531,12.15,162.05890410958904,12.478694794520548,83.3434065934066,46.41,45.5,0.91,39,2025
2025-09-25,0.0,0.0,0.0,,,,44.25,34.12,10.13,39,2025
2025-09-26,0.0,0.0,0.0,,,,42.2,25.59,16.61,39,2025
2025-09-27,42.26,5.254,24.216666666666665,150.77716643741402,12.9996,80.85097493036211,42.2,29.76,12.44,39,2025
2025-09-28,0.0,0.0,0.0,,,,40.24,22.32,17.92,39,2025
2025-09-29,104.55,12.396,57.18333333333333,152.7794289044289,12.9996,80.25409356725146,43.23,42.88,0.35,40,2025
2025-09-30,0.0,0.0,0.0,,,,41.22,32.16,9.06,40,2025
2025-10-01,19.44,2.502,10.083333333333334,155.07920792079207,14.678518811881188,83.13787375415282,40.2,28.98,11.22,40,2025
2025-10-01,78.75,7.662,26.78333333333333,174.1156509695291,19.11053019390582,80.31111111111112,42.0,41.42,0.58,40,2025
2025-10-01,15.5,1.319,6.55,164.1776649746193,12.070471065989848,83.93846153846154,40.76,34.94,5.82,40,2025
2025-10-02,37.79,5.47,25.216666666666665,144.3426480372588,12.9996,80.42232683254876,40.63,35.65,4.98,40,2025
2025-10-03,41.19,4.95,22.816666666666663,152.22700729927007,12.9996,81.03235294117647,40.65,37.04,3.61,40,2025
2025-10-04,0.0,0.0,0.0,,,,38.76,27.78,10.98,40,2025
2025-10-05,0.0,0.0,0.0,,,,36.96,20.83,16.13,40,2025
2025-10-06,0.0,0.0,0.0,,,,35.24,15.63,19.61,41,2025
2025-10-07,0.0,0.0,0.0,,,,33.6,11.72,21.88,41,2025
2025-10-08,156.37,12.562,50.21666666666667,176.79528865295288,15.0012,80.46309840425532,39.31,47.88,-8.57,41,2025
2025-10-09,0.0,0.0,0.0,,,,37.48,35.91,1.57,41,2025
2025-10-10,0.0,0.0,0.0,,,,35.74,26.93,8.81,41,2025
2025-10-11,0.0,0.0,0.0,,,,34.08,20.2,13.88,41,2025
2025-10-12,78.57,10.112,33.18333333333333,164.18975903614458,18.307521686746988,85.61016096579476,36.15,34.79,1.36,41,2025
2025-10-12,12.84,1.459,9.55,139.8815331010453,9.048913588850176,80.77543859649123,35.06,29.3,5.76,41,2025
2025-10-13,0.0,0.0,0.0,,,,33.43,21.98,11.45,42,2025
2025-10-14,0.0,0.0,0.0,,,,31.88,16.48,15.4,42,2025
2025-10-15,17.65,2.459,11.15,146.6402985074627,13.191641194029852,83.70570570570571,31.21,16.78,14.43,42,2025
2025-10-15,43.88,5.004,19.98333333333333,160.81833333333333,15.0012,82.31260504201681,31.8,23.55,8.25,42,2025
2025-10-16,111.29,10.836,49.98333333333333,161.432,12.9996,80.19351604278074,35.5,45.49,-9.99,42,2025
2025-10-17,0.0,0.0,0.0,,,,33.85,34.11,-0.26,42,2025
2025-10-18,0.0,0.0,0.0,,,,32.28,25.59,6.69,42,2025
2025-10-19,20.45,2.362,11.15,152.91940298507464,12.53648417910448,82.60210210210211,31.73,24.3,7.43,42,2025
2025-10-19,31.36,3.015,13.883333333333333,162.07793764988008,12.9996,81.57487922705315,31.71,26.07,5.64,42,2025
2025-10-19,26.9,2.367,10.85,166.27147239263803,13.00487300613497,83.90277777777777,31.48,26.27,5.21,42,2025
2025-10-20,181.82,20.427,94.25,155.1074964639321,12.9996,79.57064447592067,38.48,65.16,-26.68,43,2025
2025-10-21,0.0,0.0,0.0,,,,36.69,48.87,-12.18,43,2025
2025-10-22,20.76,2.485,9.95,158.55183946488293,14.69486287625418,84.52861952861953,35.95,41.84,-5.89,43,2025
2025-10-22,116.81,14.108,65.08333333333333,151.97977470558115,12.9996,81.07631038026722,39.71,60.58,-20.87,43,2025
2025-10-22,17.09,1.631,7.8,160.7228144989339,12.257401279317698,86.02558635394456,38.66,49.71,-11.05,43,2025
2025-10-23,0.0,0.0,0.0,,,,36.86,37.28,-0.42,43,2025
2025-10-24,0.0,0.0,0.0,,,,35.14,27.96,7.18,43,2025
2025-10-25,20.2,2.404,10.983333333333333,153.02727272727273,13.076340000000002,84.07774390243902,34.45,26.02,8.43,43,2025
2025-10-25,167.01,15.003,69.21666666666667,165.04212806933077,12.9996,81.37801350048215,40.61,61.27,-20.66,43,2025
2025-10-25,18.9,2.496,10.183333333333334,153.4281045751634,14.568717647058826,83.93092105263158,39.6,50.68,-11.08,43,2025
2025-10-26,161.96,21.664,92.81666666666666,150.7705565529623,14.000399999999996,71.26385889128869,45.29,78.5,-33.21,43,2025
2025-10-27,0.0,0.0,0.0,,,,43.19,58.87,-15.68,44,2025
2025-10-28,0.0,0.0,0.0,,,,41.18,44.15,-2.97,44,2025
2025-10-29,101.06,12.168,52.11666666666667,155.33280051150896,14.0004,82.7152466367713,43.96,58.38,-14.42,44,2025
2025-10-30,0.0,0.0,0.0,,,,41.92,43.79,-1.87,44,2025
2025-10-31,15.3,2.326,10.316666666666666,143.9225806451613,13.446598064516133,83.35275080906149,40.68,36.66,4.02,44,2025
2025-10-31,60.52,7.221,30.916666666666668,155.74084051724137,14.0004,81.91865509761388,41.6,42.63,-1.03,44,2025
2025-10-31,21.18,2.553,10.85,155.62576687116564,13.986176687116563,85.23076923076923,40.65,37.27,3.38,44,2025
2025-11-01,0.0,0.0,0.0,,,,38.76,27.95,10.81,44,2025
2025-11-02,25.55,3.137,19.316666666666663,139.21422222222222,10.2626656,82.2578055307761,38.15,27.35,10.8,44,2025
2025-11-02,90.79,7.534,27.55,179.46553808948005,16.67733301088271,88.17151515151515,40.6,43.21,-2.61,44,2025
2025-11-02,35.02,1.018,39.28333333333333,123.8709055876686,7.280330635838151,75.37764932562621,40.34,41.16,-0.82,44,2025
2025-11-03,66.09,7.601,35.05,154.11454372623575,12.9996,82.17610364683301,41.54,47.39,-5.85,45,2025
2025-11-04,0.0,0.0,0.0,,,,39.6,35.55,4.05,45,2025
2025-11-05,0.0,0.0,0.0,,,,37.76,26.66,11.1,45,2025
2025-11-06,90.98,8.255,35.35,167.9731385485391,14.0004,81.99240986717268,40.24,42.74,-2.5,45,2025
2025-11-06,21.13,2.018,9.3,162.33273703041144,13.012750626118068,84.75491949910554,39.35,37.34,2.01,45,2025
2025-11-07,0.0,0.0,0.0,,,,37.52,28.0,9.52,45,2025
2025-11-08,0.0,0.0,0.0,,,,35.77,21.0,14.77,45,2025
2025-11-09,0.0,0.0,0.0,,,,34.11,15.75,18.36,45,2025
2025-11-10,35.0,19.813,84.88333333333334,98.22143698468788,14.0004,29.1726307510814,34.15,20.56,13.59,46,2025
2025-11-10,20.52,2.345,8.683333333333334,164.10919540229884,16.256475862068964,84.89688715953308,33.52,20.55,12.97,46,2025
2025-11-10,77.11,6.777,31.25,166.05597014925374,12.9996,78.61295503211991,35.54,34.69,0.85,46,2025
2025-11-10,10.03,1.193,5.216666666666667,154.96496815286625,13.802594904458598,84.43870967741935,34.36,28.53,5.83,46,2025
2025-11-11,98.42,10.034,46.28333333333333,159.3884089272858,12.9996,81.79220779220779,37.34,46.0,-8.66,46,2025
2025-11-12,47.83,5.423,27.216666666666665,151.0734394124847,12.01029840881273,82.89263803680981,37.83,46.46,-8.63,46,2025
2025-11-13,0.0,0.0,0.0,,,,36.07,34.84,1.23,46,2025
2025-11-14,88.11,10.403,47.98333333333333,152.96770833333332,12.999600000000004,80.97685834502104,38.49,48.16,-9.67,46,2025
2025-11-15,53.1,5.889,24.883333333333333,159.54283801874163,14.166819277108432,84.58646112600536,39.17,49.39,-10.22,46,2025
2025-11-16,0.0,0.0,0.0,,,,37.34,37.05,0.29,46,2025
2025-11-17,18.63,2.219,9.316666666666666,156.6732142857143,14.298023571428573,83.5773381294964,36.47,32.44,4.03,47,2025
2025-11-18,135.16,15.097,70.48333333333333,154.847201946472,13.303252554744526,83.84096444227959,41.06,58.12,-17.06,47,2025
2025-11-19,0.0,0.0,0.0,,,,39.15,43.59,-4.44,47,2025
2025-11-20,0.0,0.0,0.0,,,,37.33,32.69,4.64,47,2025
2025-11-21,0.0,0.0,0.0,,,,35.6,24.52,11.08,47,2025
2025-11-22,0.0,0.0,0.0,,,,33.94,18.39,15.55,47,2025
2025-11-23,38.59,5.587,20.416666666666668,154.21778140293637,16.64253572593801,87.27659574468085,34.16,23.44,10.72,47,2025
2025-11-24,0.0,0.0,0.0,,,,32.57,17.58,14.99,48,2025
2025-11-25,0.0,0.0,0.0,,,,31.05,13.19,17.86,48,2025
2025-11-26,93.76,10.851,50.05,153.82956058588547,12.9996,82.4609739826551,33.97,33.33,0.64,48,2025
2025-11-27,0.0,0.0,0.0,,,,32.39,25.0,7.39,48,2025
2025-11-28,0.0,0.0,0.0,,,,30.88,18.75,12.13,48,2025
2025-11-29,15.51,2.303,10.616666666666667,143.282131661442,13.035492789968654,85.56624605678233,30.17,17.94,12.23,48,2025
2025-11-29,37.59,4.632,21.35,151.15366614664586,12.9996,81.8388625592417,30.51,22.85,7.66,48,2025
2025-11-29,18.84,2.438,11.383333333333333,148.5233918128655,12.526026315789473,85.78529411764706,29.97,21.85,8.12,48,2025
2025-11-30,18.86,2.369,11.283333333333331,148.93952802359885,12.5603203539823,86.44362017804154,29.45,21.1,8.35,48,2025
2025-12-01,39.8,4.824,22.216666666666665,151.89730134932535,12.9996,82.01278195488722,29.94,25.78,4.16,49,2025
2025-12-01,15.01,2.277,10.283333333333331,143.24433656957927,13.318392233009709,84.37947882736157,29.24,23.08,6.16,49,2025
2025-12-02,23.66,3.181,14.65,147.47613636363636,12.9996,78.01601830663616,28.98,23.23,5.75,49,2025
2025-12-03,16.21,2.175,11.216666666666669,142.83234421364986,11.747366172106824,83.32886904761905,28.39,21.47,6.92,49,2025
2025-12-03,79.86,8.402,38.75,158.00343938091143,12.9996,81.18181818181819,30.78,36.07,-5.29,49,2025
2025-12-03,22.36,2.055,11.533333333333331,155.31746031746033,10.825958441558443,85.03628447024674,30.39,32.64,-2.25,49,2025
2025-12-04,0.0,0.0,0.0,,,,28.98,24.48,4.5,49,2025
2025-12-05,0.0,0.0,0.0,,,,27.63,18.36,9.27,49,2025
2025-12-06,0.0,0.0,0.0,,,,26.34,13.77,12.57,49,2025
2025-12-07,28.62,3.4,23.616666666666667,135.6964560862866,9.80802249614792,80.49304482225656,26.45,17.48,8.97,49,2025
2025-12-07,71.6,7.871,29.35,165.54029511918276,16.38366742338252,88.19397042093289,28.55,31.01,-2.46,49,2025
2025-12-07,37.01,3.97,19.816666666666663,153.69243697478993,11.9988,83.34889643463498,28.94,32.51,-3.57,49,2025
2025-12-08,21.78,2.242,10.316666666666666,159.06290322580645,12.9996,83.48039215686275,28.61,29.83,-1.22,50,2025
2025-12-08,33.9,3.542,16.316666666666666,158.3561224489796,12.9996,75.69057377049181,28.86,30.85,-1.99,50,2025
2025-12-09,152.35,15.861,69.71666666666667,160.59942638623326,13.69240124282983,86.04114832535885,34.6,61.22,-26.62,50,2025
2025-12-10,0.0,0.0,0.0,,,,32.99,45.92,-12.93,50,2025
2025-12-11,0.0,0.0,0.0,,,,31.46,34.44,-2.98,50,2025
2025-12-12,91.27,12.043,60.18333333333333,144.8374861572536,11.9988,81.15656284760846,34.24,48.65,-14.41,50,2025
2025-12-13,21.37,3.339,15.616666666666667,140.59701492537314,12.727980383795307,84.43683083511777,33.64,41.83,-8.19,50,2025
2025-12-13,91.12,12.043,60.18333333333333,144.77325581395348,11.9988,82.37894144144144,36.31,54.15,-17.84,50,2025
2025-12-13,17.63,2.311,11.016666666666667,147.08761329305136,12.615819335347432,85.5409090909091,35.44,45.02,-9.58,50,2025
2025-12-14,0.0,0.0,0.0,,,,33.8,33.77,0.03,50,2025
2025-12-15,88.69,10.843,54.18333333333333,148.04735547355477,11.9988,82.0520640788663,36.35,47.5,-11.15,51,2025
2025-12-16,0.0,0.0,0.0,,,,34.66,35.62,-0.96,51,2025
2025-12-17,0.0,0.0,0.0,,,,33.05,26.72,6.33,51,2025
2025-12-18,0.0,0.0,0.0,,,,31.51,20.04,11.47,51,2025
2025-12-19,0.0,0.0,0.0,,,,30.04,15.03,15.01,51,2025
2025-12-20,0.0,0.0,0.0,,,,28.65,11.27,17.38,51,2025
2025-12-21,0.0,0.0,0.0,,,,27.31,8.45,18.86,51,2025
2025-12-22,0.0,0.0,0.0,,,,26.04,6.34,19.7,52,2025
2025-12-23,17.43,2.191,10.05,150.51490066225165,12.907186092715232,84.325,25.64,9.11,16.53,52,2025
2025-12-23,20.55,2.224,12.683333333333334,147.60892388451444,10.519379527559057,84.35263157894737,25.41,11.97,13.44,52,2025
2025-12-24,0.0,0.0,0.0,,,,24.22,8.98,15.24,52,2025
2025-12-25,0.0,0.0,0.0,,,,23.1,6.73,16.37,52,2025
2025-12-26,29.22,1.94,9.516666666666667,176.1381118881119,12.115434965034964,85.41754385964913,23.38,12.36,11.02,52,2025
2025-12-27,0.0,0.0,0.0,,,,22.29,9.27,13.02,52,2025
2025-12-28,0.0,0.0,0.0,,,,21.26,6.95,14.31,52,2025
2025-12-29,0.0,0.0,0.0,,,,20.27,5.21,15.06,1,2025
2025-12-30,0.0,0.0,0.0,,,,19.33,3.91,15.42,1,2025
2025-12-31,0.0,0.0,0.0,,,,18.43,2.93,15.5,1,2025
2026-01-01,0.0,0.0,0.0,,,,17.57,2.2,15.37,1,2026
2026-01-02,0.0,0.0,0.0,,,,16.75,1.65,15.1,1,2026
2026-01-03,21.06,2.276,11.316666666666666,153.5455882352941,12.058867058823528,86.27071005917159,16.95,6.5,10.45,1,2026
2026-01-03,16.94,1.99,7.95,159.47907949790795,14.83670711297071,86.28902953586498,16.95,9.11,7.84,1,2026
2026-01-04,0.0,0.0,0.0,,,,16.16,6.83,9.33,1,2026
2026-01-05,0.0,0.0,0.0,,,,15.41,5.13,10.28,2,2026
2026-01-06,0.0,0.0,0.0,,,,14.7,3.84,10.86,2,2026
2026-01-07,0.0,0.0,0.0,,,,14.01,2.88,11.13,2,2026
2026-01-08,143.44,13.729,63.31666666666667,162.2084210526316,12.9996,81.68687401159725,20.03,38.02,-17.99,2,2026
2026-01-09,41.42,4.67,19.98333333333333,158.25833333333333,14.0004,82.93791946308725,21.03,38.87,-17.84,2,2026
2026-01-10,0.0,0.0,0.0,,,,20.05,29.15,-9.1,2,2026
2026-01-11,97.33,10.494,46.65,158.54460766750267,13.642730777499104,85.0577682095443,23.64,46.2,-22.56,2,2026
2026-01-12,0.0,0.0,0.0,,,,22.54,34.65,-12.11,3,2026
2026-01-13,0.0,0.0,0.0,,,,21.5,25.99,-4.49,3,2026
2026-01-14,102.23,10.42,41.65,165.8184,15.0012,82.96511627906976,25.25,45.05,-19.8,3,2026
2026-01-15,259.23,25.627,123.45,158.82971506105835,12.554137856173677,83.0803692641868,36.13,98.59,-62.46,3,2026
2026-01-16,0.0,0.0,0.0,,,,34.45,73.94,-39.49,3,2026
2026-01-17,0.0,0.0,0.0,,,,32.85,55.46,-22.61,3,2026
2026-01-18,0.0,0.0,0.0,,,,31.32,41.59,-10.27,3,2026
2026-01-19,20.91,2.582,10.683333333333334,155.7289719626168,14.53982803738318,83.76645768025078,30.84,36.42,-5.58,4,2026
2026-01-19,245.56,21.611,99.71666666666668,165.96624331550802,12.9996,80.898293743727,40.82,88.71,-47.89,4,2026
2026-01-19,6.54,0.941,5.116666666666666,137.80844155844156,10.898181818181818,82.49342105263158,39.23,68.17,-28.94,4,2026
2026-01-20,50.16,5.483,27.383333333333333,152.85523114355232,11.9988,82.21621621621621,39.74,63.66,-23.92,4,2026
2026-01-21,22.84,2.855,12.016666666666667,154.46952908587258,14.34198614958449,84.69777158774373,38.95,53.46,-14.51,4,2026
2026-01-21,25.53,2.825,15.25,148.99665178571428,11.448321428571427,82.50112107623319,38.33,46.48,-8.15,4,2026
2026-01-22,86.99,9.984,46.05,154.19392185238783,12.9996,82.98912255257433,40.59,56.6,-16.01,4,2026
2026-01-23,225.4,24.009,110.78333333333332,157.43712394705173,12.9996,81.97285886610373,49.19,98.8,-49.61,4,2026
2026-01-24,17.37,2.361,11.583333333333334,144.3764367816092,12.264108620689656,84.65606936416185,47.71,78.45,-30.74,4,2026
2026-01-24,79.9,9.619,44.35,152.1435011269722,12.9996,82.59864457831326,49.2,78.81,-29.61,4,2026
2026-01-25,0.0,0.0,0.0,,,,46.92,59.11,-12.19,4,2026
2026-01-26,149.45,15.205,70.15,159.4691211401425,12.9996,82.54640647310805,51.69,81.69,-30.0,5,2026
2026-01-27,0.0,0.0,0.0,,,,49.28,61.27,-11.99,5,2026
2026-01-28,149.39,15.234,70.28333333333333,159.36913229018492,12.9996,83.57169990503324,53.94,83.3,-29.36,5,2026
2026-01-29,59.54,6.11,30.516666666666666,155.60371179039302,11.9988,81.96597145993414,54.2,77.36,-23.16,5,2026
2026-01-30,0.0,0.0,0.0,,,,51.68,58.02,-6.34,5,2026
2026-01-31,105.06,10.872,50.15,158.72392026578072,12.9996,82.96423796791444,54.16,69.78,-15.62,5,2026
