session_file,date,distance_km,duree_min,fc_moyenne,fc_max,vitesse_moy,cadence_moy,allure_min_km,month_year
460305244924968960.fit,2024-05-03,12.6285,58.86666666666667,152.36624203821657,188.0,13.141556108859294,82.20579710144928,4.5656693547540685,2024-05
460391683555622912.fit,2024-05-07,17.619,72.33333333333333,162.67664115054512,186.0,14.540207933194155,82.67680520083584,4.1264884433340665,2024-05
460694895898689536.fit,2024-05-20,10.043,38.833333333333336,163.76018876018875,189.0,15.181372972972975,82.99227136109918,3.9522117075192424,2024-05
460829317639733248.fit,2024-05-26,10.1345,44.63333333333333,148.1947652040031,181.0,14.019810623556582,80.24286815728604,4.279658378493778,2024-05
460829702844612611.fit,2024-05-26,1.661,8.166666666666666,138.81670061099797,148.0,12.39934582484725,80.35728952772074,4.83896496214865,2024-05
463241586826838023.fit,2024-09-07,1.022,14.7,111.66176470588235,125.0,5.714711764705883,60.08660130718954,10.49921719071828,2024-09
463261131075518467.fit,2024-09-07,1.671,8.516666666666667,123.07042253521126,143.0,13.099259154929578,,4.580411708048429,2024-09
463312871470694402.fit,2024-09-10,4.9675,24.483333333333334,142.49591836734695,158.0,11.881579591836735,80.578231292517,5.0498336131353385,2024-09
463312871470694403.fit,2024-09-10,4.774,21.633333333333333,165.90993071593533,186.0,14.405212933025405,78.27602158828064,4.165158840689119,2024-09
463363396394319878.fit,2024-09-12,7.4945,46.45,133.3307001795332,170.0,9.493555475763015,79.49299820466787,6.3200768303487145,2024-09
463389299878952964.fit,2024-09-13,8.8895,39.56666666666667,151.71783876500857,174.0,13.875312349914237,79.60920034393808,4.324226978599935,2024-09
463426936943706118.fit,2024-09-15,2.67159,13.683333333333334,128.1363073110285,146.0,11.452804460966544,,5.238891505088736,2024-09
463482661996888068.fit,2024-09-17,15.017,61.9,146.44602960969044,171.0,14.435438923283984,81.16275936405282,4.156437522881384,2024-09
463523255611850754.fit,2024-09-19,8.58,64.61666666666666,86.3262432594368,136.0,9.189779748352308,8.25256537570341,6.528992167713026,2024-09
463613330473385985.fit,2024-09-23,14.5685,59.86666666666667,169.37346711259755,185.0,14.509504013377928,81.44078212290503,4.135220607450076,2024-09
463685982259019778.fit,2024-09-26,11.572,103.43333333333334,92.41712275215012,131.0,8.038579046129788,7.9921383647798745,7.464005722365482,2024-09
463704870183010307.fit,2024-09-27,7.5975,43.56666666666667,149.3927342256214,171.0,10.453214684512428,80.54117196476446,5.73986106770547,2024-09
463724658439520257.fit,2024-09-28,2.471,13.133333333333333,149.63466666666667,166.0,12.0874944,81.6970509383378,4.9638078839564965,2024-09
463725632054919168.fit,2024-09-28,9.5775,34.4,174.48813559322033,183.0,16.507659661016948,85.79524502668608,3.634676340080525,2024-09
463799922372673536.fit,2024-10-01,7.568,33.03333333333333,158.59929078014184,183.0,14.521313069908814,81.19593908629442,4.131857753575502,2024-10
463871260437282819.fit,2024-10-04,3.0895,19.166666666666668,144.74543874891398,152.0,9.66263145091225,80.08282476024411,6.209488616512989,2024-10
463937026587131905.fit,2024-10-07,15.032,64.46666666666667,162.67743602998192,184.0,13.899577668648229,81.77412677878395,4.316677918591404,2024-10
463984094059986947.fit,2024-10-09,14.885,59.96666666666667,142.1333703806613,171.0,14.771346151708808,83.178859527121,4.061918215426761,2024-10
464012661766520832.fit,2024-10-10,9.3535,43.983333333333334,164.14496418036242,184.0,13.868034386852086,82.25200168563,4.3264963387229844,2024-10
464073324421480454.fit,2024-10-13,19.862,69.63333333333334,149.36396267049534,173.0,17.104723330940416,84.08862275449101,3.5078030108483027,2024-10
464194632283095045.fit,2024-10-18,15.763,74.93333333333334,147.29287003610108,169.0,12.71973736462094,83.72583559168925,4.717078527649934,2024-10
464523969303707651.fit,2024-11-01,8.895,38.2,165.1330135194069,178.0,13.889616397732228,84.42769768457842,4.319773727501666,2024-11
464563241945694223.fit,2024-11-03,2.226,10.633333333333333,129.31611893583724,163.0,12.199571830985915,84.26760563380282,4.918205395340589,2024-11
464643160551751682.fit,2024-11-06,14.118,56.86666666666667,170.11719894520948,184.0,14.697612305889246,84.65180404810795,4.082295732889781,2024-11
464783237686788103.fit,2024-11-12,8.1835,40.1,152.22517656834233,165.0,12.128881595346906,83.78984602580108,4.946869958976123,2024-11
464862357695266817.fit,2024-11-16,4.0465,21.566666666666666,136.88957528957528,152.0,11.115432277992278,84.2594887683966,5.39790072931266,2024-11
464885895458226178.fit,2024-11-17,9.999,33.13333333333333,144.50477626948216,176.0,17.880128506787333,86.78639798488665,3.355680580104549,2024-11
464921859098443780.fit,2024-11-18,6.7335,30.566666666666666,154.16694584031268,168.0,13.418028140703518,82.61920714684534,4.471595928316048,2024-11
464935899346534403.fit,2024-11-19,9.96,41.93333333333333,149.29678188319429,164.0,14.137610488676996,83.35972940708317,4.243998662154033,2024-11
464984087002644480.fit,2024-11-21,8.195,35.9,159.04686774941996,177.0,13.590076844547564,84.24779172477918,4.414986073023747,2024-11
465235813691588612.fit,2024-12-02,13.236,57.15,166.2422543523163,178.0,13.942592859250517,83.74210681616997,4.303360257715027,2024-12
465540384060112901.fit,2024-12-15,4.3865,24.0,154.02172284644195,167.0,12.029786966292136,80.81968444778362,4.987619495517419,2024-12
465541304527388675.fit,2024-12-15,10.1705,33.43333333333333,160.12107623318386,185.0,18.090211659192825,85.98252621068397,3.316710778754767,2024-12
465570807999922180.fit,2024-12-16,13.652,49.1,144.36952833389887,157.0,13.15157692568714,83.43298269426535,4.562190552435608,2024-12
465724414013505540.fit,2024-12-23,10.444,51.6,152.686911334849,177.0,12.21790074699578,83.51073519843851,4.910827256045046,2024-12
465732870804111364.fit,2024-12-23,9.507,45.06666666666667,152.1414814814815,165.0,12.649648,84.00519287833828,4.743214989065309,2024-12
465755757881622531.fit,2024-12-24,11.5385,53.733333333333334,156.1767441860465,182.0,12.865629767441861,83.81496429680223,4.6635882645898725,2024-12
465769442182201354.fit,2024-12-25,9.1175,39.1,166.7635279079676,183.0,13.82374537707712,83.8625693555271,4.340357722408103,2024-12
465826304327974912.fit,2024-12-27,9.264,45.56666666666667,154.4845701689934,175.0,12.183014988978691,81.78623988226637,4.9248892867881,2024-12
466074694903169040.fit,2025-01-07,4.0185,17.1,159.3622200584226,172.0,13.790727166504382,83.1209756097561,4.350749548996303,2025-01
466142766376714243.fit,2025-01-10,10.1225,49.9,141.51311754684838,165.0,12.4413865758092,81.80450358239509,4.822613591692655,2025-01
466163854129266689.fit,2025-01-11,7.097,30.633333333333333,166.37692307692308,186.0,14.042375604395604,83.51156387665198,4.272781307830745,2025-01
466189092969807878.fit,2025-01-12,8.1625,30.433333333333334,169.27640941434043,184.0,16.089152709359606,86.11958310477236,3.7292206173850264,2025-01
466215355350548489.fit,2025-01-13,7.5125,33.86666666666667,164.22813121272367,180.0,13.426924652087477,84.14043824701196,4.4686331050998955,2025-01
466220325703548928.fit,2025-01-13,13.247,57.56666666666667,158.972503617945,176.0,13.800947496382054,83.14662416690814,4.347527589372333,2025-01
466307244833669124.fit,2025-01-17,6.948,34.11666666666667,149.4873515745999,176.0,12.835793495095508,83.54526642524573,4.67442858308103,2025-01
466355911647068166.fit,2025-01-19,16.181,70.51666666666667,170.03504617570448,188.0,13.7026152971821,83.7869163308841,4.378726155461638,2025-01
466382566212009991.fit,2025-01-20,18.371,69.03333333333333,148.2664735698769,173.0,13.747302534395365,83.46777697320782,4.3644925868097895,2025-01
466448947347488772.fit,2025-01-23,12.024,66.45,147.33426042983564,177.0,11.015373754740835,83.91521133890154,5.446932744717535,2025-01
466468414286757891.fit,2025-01-24,18.393,86.31666666666666,156.27601015030257,171.0,12.96033941050166,83.47489744090643,4.62950838705524,2025-01
466489185019133962.fit,2025-01-25,10.80936,40.28333333333333,157.4577553593947,181.0,16.355586885245902,82.87789473684211,3.6684712337730288,2025-01
466496310904651781.fit,2025-01-25,9.493,49.516666666666666,147.40998641304347,160.0,11.523576766304348,85.18843537414966,5.206716735332012,2025-01
466539567938306057.fit,2025-01-27,12.86912,59.38333333333333,152.48150240045186,163.0,13.075176616774923,81.7410234662143,4.588848147796522,2025-01
466559894137372684.fit,2025-01-28,9.02882,44.916666666666664,142.7040059347181,157.0,12.052382047477746,81.8829866270431,4.978269006379238,2025-01
466577658392641543.fit,2025-01-29,8.797,44.25,143.27484939759037,156.0,11.919951054216867,82.00075414781297,5.0335777158056425,2025-01
466588856175591426.fit,2025-01-29,8.211,41.8,147.1196406696611,160.0,12.999141363821968,81.73050224581462,4.615689476767024,2025-01
466655294756257803.fit,2025-02-01,21.009,85.31666666666666,158.8044921875,177.0,14.669677265625001,83.30316653635653,4.090069530063633,2025-02
466704758286090263.fit,2025-02-03,17.3157,80.01666666666667,161.70449812578093,180.0,12.974005664306539,79.02709462275948,4.624631864087212,2025-02
466773437226975232.fit,2025-02-06,7.577,39.15,141.4868085106383,157.0,11.596787234042553,83.64565587734242,5.173846755062389,2025-02
466774500231380998.fit,2025-02-06,7.73,34.916666666666664,155.5937198067633,175.0,14.092187826086956,77.94966118102614,4.257678136316785,2025-02
466793745176625154.fit,2025-02-07,16.016,74.01666666666667,150.43264014466547,163.0,13.023546835443039,83.52578018995929,4.607039906879477,2025-02
466797156989173760.fit,2025-02-07,7.534,33.31666666666667,150.914,158.0,13.5612648,81.4744488977956,4.424366081252244,2025-02
466813119505661955.fit,2025-02-08,13.742,59.983333333333334,143.8318335208099,151.0,13.91236197975253,82.65990990990991,4.312711248264061,2025-02
466882572077531136.fit,2025-02-11,13.01927,59.95,148.96831573096165,157.0,13.02159622012229,83.09488035614913,4.607730034454756,2025-02
467001971899924480.fit,2025-02-16,10.082,39.85,161.372491638796,175.0,15.05259933110368,84.40794979079497,3.9860225254265576,2025-02
467003109797822477.fit,2025-02-16,10.33598,45.61666666666667,156.54784514243974,171.0,13.428558802045288,80.32213294375457,4.4680893076077135,2025-02
467026726214467585.fit,2025-02-17,9.991,45.11666666666667,138.09234234234233,151.0,13.502633783783784,80.93684210526315,4.443577524264786,2025-02
467044488318058499.fit,2025-02-18,13.097,60.416666666666664,163.33452840595697,175.0,12.999600000000001,81.33074792243767,4.615526631588664,2025-02
467063548846047234.fit,2025-02-19,5.362,24.716666666666665,152.48450134770889,163.0,12.9996,80.47146739130434,4.615526631588665,2025-02
467075284038877197.fit,2025-02-19,12.308,56.916666666666664,157.76404494382024,186.0,13.151020342992313,81.8413262285376,4.562383635272206,2025-02
467190479090384904.fit,2025-02-24,9.753,44.983333333333334,135.73444444444445,157.0,12.999600000000003,79.43234200743494,4.615526631588663,2025-02
467241311102074883.fit,2025-02-26,5.951,28.25,141.65448113207546,158.0,12.629721226415095,81.8581560283688,4.750698683238538,2025-02
467279904604454919.fit,2025-02-28,20.029,85.58333333333333,155.1158596353656,181.0,14.228926955498922,84.67856442439694,4.216762106352113,2025-02
467345692766011394.fit,2025-03-03,10.265,46.583333333333336,153.79899856938485,177.0,13.211922746781116,82.1647564469914,4.5413526214129645,2025-03
467401441707851784.fit,2025-03-05,2.054,8.95,151.76765799256506,167.0,13.439087732342006,84.46082089552239,4.464588757435242,2025-03
467402261243396098.fit,2025-03-05,1.662,5.083333333333333,156.85294117647058,170.0,19.5012,85.5578231292517,3.076733739462187,2025-03
467494568680521732.fit,2025-03-09,10.554,46.916666666666664,155.28081457663453,168.0,13.651938263665595,83.93309481216458,4.394980320097769,2025-03
467557263928754179.fit,2025-03-12,4.356199999999999,19.783333333333335,141.51683501683502,150.0,13.177524242424242,81.18971332209107,4.553207332135549,2025-03
467558815754125316.fit,2025-03-12,3.518,11.983333333333333,152.55093256814922,158.0,18.159128263988524,78.02020202020202,3.304123365821825,2025-03
467584791445798919.fit,2025-03-13,5.843,23.683333333333334,163.74239049740163,183.0,15.41424587973274,83.75577066269545,3.89250310836746,2025-03
467606593775632385.fit,2025-03-14,15.07,60.25,155.4308628318584,189.0,15.001199999999999,83.24763231197771,3.9996800255979523,2025-03
467650750334402573.fit,2025-03-16,10.024,37.88333333333333,166.7911169744943,180.0,15.8750327176781,84.86960352422908,3.779519769630791,2025-03
467671790842314752.fit,2025-03-17,11.27,45.05,154.24704142011834,162.0,15.0012,81.78927773641102,3.999680025597952,2025-03
467679974631964681.fit,2025-03-17,4.105,18.916666666666668,142.32570422535213,150.0,12.999600000000001,82.19584837545126,4.615526631588664,2025-03
467705610218012672.fit,2025-03-18,18.325,90.91666666666667,151.5406891495601,174.0,12.118918328445748,84.00935436537051,4.9509369049188905,2025-03
467729871414525954.fit,2025-03-20,3.737,17.216666666666665,139.54255319148936,146.0,12.999600000000001,81.7490234375,4.615526631588664,2025-03
467775042927755273.fit,2025-03-21,7.138,30.683333333333334,153.74061990212073,168.0,14.010011745513866,84.49891067538127,4.282651655821241,2025-03
467790470450282499.fit,2025-03-22,4.017,18.95,157.00966608084357,172.0,12.79149595782074,81.56349206349206,4.690616343690115,2025-03
467790470452379652.fit,2025-03-22,10.284,36.18333333333333,180.83103130755063,195.0,17.0324817679558,85.31918819188192,3.5226810054704707,2025-03
467839128940085249.fit,2025-03-24,18.026,80.61666666666666,154.52211657709796,168.0,13.466490533278215,82.8394704178734,4.455503819033533,2025-03
467909728001884187.fit,2025-03-27,19.037,75.28333333333333,165.41876936697653,176.0,15.256100398406375,84.19849357554276,3.932852985568153,2025-03
467927353476022277.fit,2025-03-28,8.742,40.31666666666667,147.18719008264463,183.0,12.999600000000001,80.6851081530782,4.615526631588664,2025-03
467974368872398851.fit,2025-03-30,14.227,62.55,152.66062866275973,169.0,13.653492914224827,83.15413333333333,4.39447988708364,2025-03
467974913259503627.fit,2025-03-30,2.106,8.783333333333333,157.70075757575756,164.0,14.45884090909091,83.3022813688213,4.149710227621037,2025-03
467998953531539473.fit,2025-03-31,12.764,58.88333333333333,150.72608941709112,188.0,12.9996,79.6879271070615,4.615526631588665,2025-03
468027133348839426.fit,2025-04-01,11.574,60.016666666666666,144.16907273736814,154.0,11.63942065519156,84.08087826570316,5.154895744165587,2025-04
468028374328049664.fit,2025-04-01,4.37,26.95,146.06616126809098,176.0,11.269262853204687,72.06703524533518,5.324216923641776,2025-04
468047538740559879.fit,2025-04-02,11.833,55.38333333333333,152.40854392298436,161.0,12.691508664259928,83.24759036144579,4.727570345436056,2025-04
468154792663875587.fit,2025-04-05,3.918,18.183333333333334,150.11904761904762,160.0,12.912847252747254,82.55055147058823,4.646535254820333,2025-04
468157549762347010.fit,2025-04-07,18.057,91.08333333333333,144.5554740509811,158.0,11.96209293966624,84.01486511286474,5.01584466051424,2025-04
468167959689330692.fit,2025-04-07,13.1395,247.26666666666668,106.44851942406954,135.0,12.017370171149144,44.396359684868244,4.992772890032611,2025-04
468190474713202689.fit,2025-04-08,7.204,35.05,143.44249049429658,154.0,12.394002661596957,84.23714285714286,4.841051082384474,2025-04
468209923667296279.fit,2025-04-09,11.68,51.61666666666667,156.61234487263226,171.0,13.76792606139778,83.85228758169934,4.357954838835656,2025-04
468258573569261574.fit,2025-04-11,19.735,90.45,153.8729016786571,173.0,13.09488810182623,85.0452279859701,4.581940642290202,2025-04
468282450095669249.fit,2025-04-12,13.019,54.65,159.50518292682926,172.0,14.323699756097561,83.33150183150182,4.188861887757607,2025-04
468369819394146313.fit,2025-04-16,13.024,60.083333333333336,153.97115917914587,166.0,12.9996,81.82351306281268,4.615526631588665,2025-04
468486523319255044.fit,2025-04-21,7.458,30.35,159.70694522868436,174.0,14.730197854319593,82.54046406338426,4.073265043239399,2025-04
468514217807347723.fit,2025-04-22,10.02,40.05,162.2741264559068,175.0,15.0012,81.00836820083683,3.999680025597952,2025-04
468528950079946754.fit,2025-04-23,15.555,77.88333333333334,146.58814719726143,158.0,12.032388446726573,83.03811563169165,4.986541139828566,2025-04
468581088569098252.fit,2025-04-25,13.169,60.75,144.75726823916622,154.0,12.999600000000001,80.89179515418502,4.615526631588664,2025-04
468606529537343498.fit,2025-04-26,10.416,53.61666666666667,144.33312616532007,159.0,11.630313486637663,81.40385812072184,5.158932308139019,2025-04
468648788794310666.fit,2025-04-28,11.515,53.11666666666667,162.19447929736512,187.0,12.999600000000001,81.42123503465659,4.615526631588664,2025-04
468671638557196288.fit,2025-04-29,15.357,70.85,163.37817497648166,171.0,12.999600000000001,79.21081208687441,4.615526631588664,2025-04
468699811128836101.fit,2025-04-30,15.033,60.083333333333336,161.79173599556296,175.0,15.0012,80.95361111111112,3.999680025597952,2025-04
468741873083645963.fit,2025-05-02,13.089,60.38333333333333,162.40949227373068,190.0,12.9996,81.24611973392462,4.615526631588665,2025-05
468812572540305413.fit,2025-05-05,11.454,52.81666666666667,159.9365930599369,178.0,12.999600000000001,76.83438885370488,4.615526631588664,2025-05
468834633102950417.fit,2025-05-06,10.843,50.016666666666666,146.8327781479014,157.0,12.999600000000001,80.9682061579652,4.615526631588664,2025-05
468855896145952775.fit,2025-05-07,8.684,40.05,152.46422628951748,165.0,12.999600000000001,79.55183946488295,4.615526631588664,2025-05
468880748435243018.fit,2025-05-08,4.177,19.25,150.55536332179932,160.0,12.999600000000001,79.47027972027972,4.615526631588664,2025-05
468906767347122176.fit,2025-05-09,12.036,51.71666666666667,162.47696301103178,182.0,14.059239325113564,82.87719298245614,4.267656209025757,2025-05
468998099826671622.fit,2025-05-13,5.829,23.283333333333335,160.9856938483548,175.0,15.001199999999999,77.97622478386167,3.9996800255979523,2025-05
469020350175281154.fit,2025-05-14,11.395,45.55,161.57534747622532,175.0,15.0012,80.82022058823529,3.999680025597952,2025-05
469044209792352265.fit,2025-05-15,26.132,120.58333333333333,143.8917910447761,156.0,12.999600000000001,78.68722283813747,4.615526631588664,2025-05
469070864896262154.fit,2025-05-16,13.046,60.18333333333333,159.78543743078626,168.0,12.999600000000001,80.70094496942745,4.615526631588664,2025-05
469092908545376260.fit,2025-05-17,7.177,55.95,115.01178960096735,133.0,7.862188875453446,78.8707627118644,7.63146255457257,2025-05
469093765661884421.fit,2025-05-17,4.479,17.883333333333333,153.1731843575419,163.0,15.001199999999999,81.27669902912622,3.9996800255979523,2025-05
469160317788651551.fit,2025-05-20,11.729,46.88333333333333,171.29921819474058,188.0,15.001199999999999,80.15200286123033,3.9996800255979523,2025-05
469162763504091137.fit,2025-05-20,7.435,34.28333333333333,178.3148688046647,188.0,12.999600000000001,80.0435847208619,4.615526631588664,2025-05
469209282563309574.fit,2025-05-22,20.079,120.45,130.65260099612618,144.0,10.0008,79.62721729490022,5.999520038396929,2025-05
469297188197924872.fit,2025-05-26,12.004,44.983333333333334,162.08481481481482,170.0,15.9984,81.1515601783061,3.7503750375037503,2025-05
469369187955933197.fit,2025-05-29,3.057,10.283333333333333,175.73300970873785,199.0,17.658576699029126,85.8961038961039,3.397782336743981,2025-05
469387111659765768.fit,2025-05-30,10.857,40.68333333333333,157.3968058968059,168.0,15.9984,81.47787979966611,3.7503750375037503,2025-05
469432428394479621.fit,2025-06-01,11.302,44.55,174.58624577226607,185.0,15.389354678692222,83.43695897628905,3.8987989589371637,2025-06
469432870778208257.fit,2025-06-01,3.559,16.483333333333334,169.66969696969696,187.0,12.86928,77.41277890466532,4.662265488045952,2025-06
469455348221116417.fit,2025-06-02,9.991,46.083333333333336,145.87020968908172,153.0,12.999600000000001,78.6815866084425,4.615526631588664,2025-06
469526640381165578.fit,2025-06-05,2.134,9.816666666666666,144.0593220338983,149.0,12.999600000000001,79.90068493150685,4.615526631588664,2025-06
469528359441825800.fit,2025-06-05,1.896,10.483333333333333,158.8939393939394,172.0,12.225351515151516,81.55555555555556,4.9078343412570895,2025-06
469550411414536201.fit,2025-06-06,20.017,79.08333333333333,169.64854614412135,186.0,15.151196965865992,82.69097807757167,3.960083162747703,2025-06
469579277354958859.fit,2025-06-07,9.76,45.016666666666666,158.17986676535898,169.0,12.999600000000001,79.31892697466468,4.615526631588664,2025-06
469602695393607681.fit,2025-06-08,5.868,23.816666666666666,163.83566433566435,178.0,14.77729006993007,83.00981767180926,4.060284376639021,2025-06
469602695395704838.fit,2025-06-08,4.516,20.95,163.99920508744037,183.0,13.072756120826709,83.94585987261146,4.589697799411381,2025-06
469602695395704848.fit,2025-06-08,1.893,9.916666666666666,141.89093959731542,161.0,11.354925503355705,80.21283783783784,5.284050519069305,2025-06
469620146651037708.fit,2025-06-09,10.604,45.083333333333336,159.63525498891352,176.0,14.122310421286032,82.61658031088083,4.2485965971661575,2025-06
469624759179575309.fit,2025-06-09,7.471,34.45,155.39893617021278,186.0,12.999600000000001,76.67853658536585,4.615526631588664,2025-06
469673255802798087.fit,2025-06-11,5.095,20.35,158.8911620294599,177.0,15.001199999999997,81.55980066445183,3.9996800255979528,2025-06
469695205767938067.fit,2025-06-12,2.4,10.65,158.025,167.0,13.624340624999999,81.68652037617555,4.403882848458951,2025-06
469695530574839809.fit,2025-06-12,2.862,10.783333333333333,165.29320987654322,178.0,16.141533333333335,82.80124223602485,3.717118984978709,2025-06
469718725010948104.fit,2025-06-13,4.842,20.75,161.8314606741573,170.0,13.953389085072232,81.73268921095008,4.300030597167957,2025-06
469791307273895938.fit,2025-06-16,12.012,45.016666666666666,172.3301258327165,189.0,16.026653737971873,83.94848035581913,3.7437634194243734,2025-06
469807472454959116.fit,2025-06-17,4.344,20.016666666666666,144.3261231281198,154.0,12.999600000000001,81.1258445945946,4.615526631588664,2025-06
469879120833052681.fit,2025-06-20,7.454,29.783333333333335,166.5397091722595,174.0,15.0012,82.00225988700565,3.999680025597952,2025-06
469881397163622403.fit,2025-06-20,3.681,15.35,177.5656894679696,188.0,14.310828664495114,83.9629225736096,4.1926293303237445,2025-06
469881397971025923.fit,2025-06-20,7.071,27.983333333333334,178.66190476190476,189.0,15.187755000000001,84.32040572792363,3.9505509537123817,2025-06
469902069380186130.fit,2025-06-21,9.825,45.31666666666667,154.67610294117648,167.0,12.999600000000001,80.24464153732447,4.615526631588664,2025-06
469924680503951369.fit,2025-06-22,5.391,24.85,150.35254691689008,172.0,12.999600000000001,80.50807537012113,4.615526631588664,2025-06
469967964108521479.fit,2025-06-24,8.108,33.38333333333333,173.5484194681385,181.0,14.651232313095836,82.92760180995475,4.095218662690216,2025-06
469975543652057111.fit,2025-06-24,4.659,23.45,166.90536277602524,194.0,13.222007886435332,74.4248417721519,4.537888686449428,2025-06
469975543654154257.fit,2025-06-24,2.653,11.55,159.13832853025937,166.0,13.627639193083573,83.85072463768115,4.40281688925634,2025-06
470128043445223426.fit,2025-07-01,3.777,66.21666666666667,164.57379310344828,196.0,9.29577351724138,73.67726330338631,6.454546239612521,2025-07
470156405263859725.fit,2025-07-02,6.096,32.266666666666666,152.34558420186505,169.0,12.074988480526605,79.68609125893347,4.968948839724551,2025-07
470227566427406348.fit,2025-07-05,5.528,23.083333333333332,164.4054834054834,179.0,14.327275324675327,81.97250361794501,4.187816499670685,2025-07
470230629278056454.fit,2025-07-05,3.13,14.416666666666666,153.90762124711316,162.0,12.999600000000001,81.31529411764706,4.615526631588664,2025-07
470243953071915013.fit,2025-07-06,4.306,18.383333333333333,160.8713768115942,174.0,14.043851086956522,82.83454545454545,4.272332398605826,2025-07
470317570958852299.fit,2025-07-09,2.82,11.25,156.61094674556213,169.0,15.0012,82.32878787878788,3.999680025597952,2025-07
470329190458097863.fit,2025-07-09,4.506,49.6,133.09558823529412,169.0,13.230555882352942,65.7172131147541,4.534956847884876,2025-07
470344482955493479.fit,2025-07-10,7.591,30.316666666666666,169.2401098901099,197.0,15.001199999999999,81.69303097345133,3.9996800255979523,2025-07
470364214840557867.fit,2025-07-11,6.92,27.65,162.06807228915662,173.0,15.001199999999999,80.43248175182482,3.9996800255979523,2025-07
470414919347503205.fit,2025-07-13,14.454,57.78333333333333,171.72347174163784,185.0,15.001199999999999,81.37355324074075,3.9996800255979523,2025-07
470429464252154157.fit,2025-07-14,9.345,40.18333333333333,165.7819392426134,191.0,14.030615730337079,82.6640266777824,4.276362574043536,2025-07
470530566710657425.fit,2025-07-18,13.408,53.583333333333336,162.7742537313433,173.0,15.001199999999999,81.53658536585365,3.9996800255979523,2025-07
470573187818619382.fit,2025-07-20,10.024,42.25,166.95031545741324,196.0,14.270421293375394,83.39139020537125,4.2045009580658395,2025-07
470714034289672294.fit,2025-07-26,8.684,40.05,144.32945091514142,152.0,12.999600000000001,80.78056951423785,4.615526631588664,2025-07
470717624343363686.fit,2025-07-26,9.906,40.11666666666667,165.67234219269102,187.0,14.874661794019936,84.02078137988363,4.033705157862602,2025-07
470732571097989225.fit,2025-07-27,3.17,12.983333333333333,164.1397435897436,174.0,14.570889230769232,83.94458762886597,4.117799473301772,2025-07
470732571097989226.fit,2025-07-27,6.228,25.0,169.6215856095936,194.0,14.99733857428381,79.95663775850566,4.000709839469985,2025-07
470762303009095783.fit,2025-07-28,12.023,52.55,160.04692454026633,174.0,13.75444717818643,82.68654822335026,4.362225484071487,2025-07
470803674281574802.fit,2025-07-30,5.448,25.116666666666667,138.6180371352785,145.0,12.999600000000001,80.962,4.615526631588664,2025-07
470853047614996583.fit,2025-08-01,6.929,27.683333333333334,159.43020457280386,170.0,15.001199999999999,82.82345828295043,3.9996800255979523,2025-08
470879557765857380.fit,2025-08-02,13.053,60.21666666666667,152.96541228555617,166.0,12.999600000000001,80.30560177481975,4.615526631588664,2025-08
470947536629170177.fit,2025-08-05,15.104,69.68333333333334,162.18675274988044,174.0,12.999600000000001,81.29276473406804,4.615526631588664,2025-08
470971577974947843.fit,2025-08-06,2.311,10.65,152.653125,163.0,12.96680625,84.45911949685535,4.627199546534444,2025-08
470993972204962196.fit,2025-08-07,8.157,37.61666666666667,152.18113374667848,161.0,12.999600000000001,81.1467971530249,4.615526631588664,2025-08
471039658843734118.fit,2025-08-09,4.336,19.983333333333334,156.82833333333335,166.0,12.999600000000001,76.9748743718593,4.615526631588664,2025-08
471127771442085987.fit,2025-08-13,6.036,26.083333333333332,169.54214559386972,184.0,13.800988505747128,82.71062740076825,4.34751467077987,2025-08
471132506104562067.fit,2025-08-13,13.032,60.11666666666667,156.53741685144124,162.0,12.999600000000001,81.1147859922179,4.615526631588664,2025-08
471172133622415361.fit,2025-08-15,13.024,60.083333333333336,153.4287298946201,162.0,12.9996,81.73361111111112,4.615526631588665,2025-08
471227057393664200.fit,2025-08-17,7.554,30.183333333333334,161.80077262693158,173.0,15.0012,80.9771714922049,3.999680025597952,2025-08
471248616250441833.fit,2025-08-18,15.234,70.23333333333333,155.61684460260972,164.0,12.999600000000001,80.65503323836657,4.615526631588664,2025-08
471296398566916498.fit,2025-08-20,4.787,19.116666666666667,153.705574912892,159.0,15.001199999999999,81.47368421052632,3.9996800255979523,2025-08
471339165710057776.fit,2025-08-22,15.162,60.61666666666667,164.2355689939527,175.0,15.001199999999999,81.83333333333333,3.9996800255979523,2025-08
471364173425574191.fit,2025-08-23,21.503,99.21666666666667,149.16543500167955,159.0,12.999600000000001,80.11903160726294,4.615526631588664,2025-08
471377911952212372.fit,2025-08-24,11.568,50.583333333333336,161.1251646903821,178.0,13.720316205533596,82.63381674357284,4.373077056037612,2025-08
471410090652500172.fit,2025-08-25,10.029,40.083333333333336,165.33416458852867,177.0,15.001199999999999,82.12166666666667,3.9996800255979523,2025-08
471456577761607884.fit,2025-08-27,8.684,40.05,154.62312811980033,161.0,12.999600000000001,81.90658882402002,4.615526631588664,2025-08
471480488112980070.fit,2025-08-28,7.362,29.416666666666668,165.75877689694224,177.0,15.001199999999999,82.29522184300342,3.9996800255979523,2025-08
471522000051929291.fit,2025-08-30,4.488,20.683333333333334,161.01288244766505,170.0,12.999600000000001,81.43181818181819,4.615526631588664,2025-08
471540107896193027.fit,2025-08-31,4.55,22.383333333333333,152.73883928571428,165.0,12.297642857142856,83.05597014925372,4.878983777378941,2025-08
471540764764045615.fit,2025-08-31,4.878,15.566666666666666,169.0909090909091,198.0,18.814431657754014,87.6812834224599,3.189041321653324,2025-08
471573660992307401.fit,2025-09-01,10.279,41.083333333333336,172.11151662611516,198.0,15.001199999999999,82.4686737184703,3.9996800255979523,2025-09
471595163477639172.fit,2025-09-02,21.525,99.31666666666666,156.68036912751677,168.0,12.999600000000001,81.0895497311828,4.615526631588664,2025-09
471619777398341734.fit,2025-09-03,11.927,55.016666666666666,168.91278013325257,181.0,12.999600000000001,81.9554004854369,4.615526631588664,2025-09
471644126373249227.fit,2025-09-04,9.529,43.95,162.3210765731615,169.0,12.999600000000001,81.55015197568389,4.615526631588664,2025-09
471710093044383753.fit,2025-09-07,6.561,30.25,153.77092511013217,159.0,12.999600000000001,81.39613259668508,4.615526631588664,2025-09
471729414223200363.fit,2025-09-08,14.001,59.35,167.27288087862573,194.0,14.169478344128414,82.56466610312764,4.234453699903706,2025-09
471736352468140534.fit,2025-09-08,13.017,60.05,154.64789123196448,164.0,12.999600000000001,80.16342412451363,4.615526631588664,2025-09
471783214319436277.fit,2025-09-10,8.778,40.483333333333334,157.38230452674898,163.0,12.999600000000001,80.80800990916597,4.615526631588664,2025-09
471852802191163395.fit,2025-09-13,2.56,11.75,143.72478386167148,154.0,12.84867492795389,83.51014492753623,4.669742236957255,2025-09
471853592196710503.fit,2025-09-13,11.47,45.85,167.38735465116278,178.0,15.0012,81.1471877282688,3.999680025597952,2025-09
471854592380928000.fit,2025-09-13,2.395,11.25,141.41863905325442,154.0,12.740384023668641,82.8293768545994,4.709434180989685,2025-09
471867979525554379.fit,2025-09-14,2.579,11.783333333333333,149.69985775248932,158.0,13.10908506401138,82.13714285714286,4.576978462419101,2025-09
471867979525554380.fit,2025-09-14,3.715,17.116666666666667,149.1916996047431,163.0,12.999600000000001,79.73895582329317,4.615526631588664,2025-09
471868725239250949.fit,2025-09-14,2.432,10.783333333333333,158.70833333333334,176.0,13.384350000000001,82.37732919254658,4.482847504735007,2025-09
471944164198612995.fit,2025-09-17,8.444,35.75,161.32246039142592,174.0,14.260499161230197,81.68534080298787,4.207426354550133,2025-09
472015872167280842.fit,2025-09-20,9.468,43.65,146.69097222222223,155.0,12.999600000000003,81.73333333333333,4.615526631588663,2025-09
472060623042150599.fit,2025-09-22,8.178,37.71666666666667,151.96716149347728,166.0,12.999600000000001,81.48352144469526,4.615526631588664,2025-09
472107472813850625.fit,2025-09-24,13.075,60.31666666666667,159.30939226519337,182.0,12.999600000000001,81.67425083240843,4.615526631588664,2025-09
472107940965285993.fit,2025-09-24,2.531,12.15,162.05890410958904,177.0,12.478694794520548,83.3434065934066,4.808195166881257,2025-09
472169315236348307.fit,2025-09-27,5.254,24.216666666666665,150.77716643741402,162.0,12.999600000000001,80.85097493036211,4.615526631588664,2025-09
472218944925630668.fit,2025-09-29,12.396,57.18333333333333,152.7794289044289,163.0,12.999600000000001,80.25409356725146,4.615526631588664,2025-09
472268586157637735.fit,2025-10-01,2.502,10.083333333333334,155.07920792079207,167.0,14.678518811881188,83.13787375415282,4.087605893275443,2025-10
472269263957164136.fit,2025-10-01,7.662,26.783333333333335,174.1156509695291,192.0,19.11053019390582,80.31111111111112,3.139630318531585,2025-10
472269745261936842.fit,2025-10-01,1.319,6.55,164.1776649746193,177.0,12.070471065989848,83.93846153846154,4.970808485599038,2025-10
472286933458911533.fit,2025-10-02,5.47,25.216666666666665,144.3426480372588,152.0,12.999600000000001,80.42232683254876,4.615526631588664,2025-10
472311140431462499.fit,2025-10-03,4.95,22.816666666666666,152.22700729927007,166.0,12.999600000000001,81.03235294117647,4.615526631588664,2025-10
472431784989065321.fit,2025-10-08,12.562,50.21666666666667,176.79528865295288,192.0,15.001199999999999,80.46309840425532,3.9996800255979523,2025-10
472515810649211086.fit,2025-10-12,10.112,33.18333333333333,164.18975903614458,183.0,18.307521686746988,85.61016096579476,3.2773414679844213,2025-10
472515810649211088.fit,2025-10-12,1.459,9.55,139.8815331010453,152.0,9.048913588850175,80.77543859649123,6.630630231006998,2025-10
472593393602560000.fit,2025-10-15,2.459,11.15,146.6402985074627,156.0,13.191641194029852,83.70570570570571,4.548334746032528,2025-10
472593869532332234.fit,2025-10-15,5.004,19.983333333333334,160.81833333333333,172.0,15.001199999999999,82.31260504201681,3.9996800255979523,2025-10
472618022287212944.fit,2025-10-16,10.836,49.983333333333334,161.432,180.0,12.999600000000001,80.19351604278074,4.615526631588664,2025-10
472685376232783872.fit,2025-10-19,2.362,11.15,152.91940298507464,169.0,12.536484179104479,82.60210210210211,4.78603084746891,2025-10
472685376232783874.fit,2025-10-19,3.015,13.883333333333333,162.07793764988008,171.0,12.999600000000001,81.57487922705315,4.615526631588664,2025-10
472686551443210244.fit,2025-10-19,2.367,10.85,166.27147239263803,178.0,13.00487300613497,83.90277777777777,4.613655202299581,2025-10
472711037320200294.fit,2025-10-20,20.427,94.25,155.1074964639321,164.0,12.999600000000001,79.57064447592067,4.615526631588664,2025-10
472756139845517619.fit,2025-10-22,2.485,9.95,158.55183946488293,164.0,14.69486287625418,84.52861952861953,4.083059536197211,2025-10
472757295191720036.fit,2025-10-22,14.108,65.08333333333333,151.97977470558115,161.0,12.999600000000001,81.07631038026722,4.615526631588664,2025-10
472758491602255977.fit,2025-10-22,1.631,7.8,160.7228144989339,170.0,12.257401279317698,86.02558635394456,4.895001691854529,2025-10
472826588315025510.fit,2025-10-25,2.496,10.183333333333334,153.4281045751634,168.0,14.568717647058826,83.93092105263158,4.118413264197826,2025-10
472827759224193025.fit,2025-10-25,15.003,69.21666666666667,165.04212806933077,174.0,12.999600000000001,81.37801350048215,4.615526631588664,2025-10
472828296101396683.fit,2025-10-25,2.404,10.983333333333333,153.02727272727273,162.0,13.076340000000002,84.07774390243902,4.588439884554852,2025-10
472843769257951537.fit,2025-10-26,21.664,92.81666666666666,150.7705565529623,172.0,14.000399999999997,71.26385889128869,4.285591840233137,2025-10
472918537116090669.fit,2025-10-29,12.168,52.11666666666667,155.33280051150896,168.0,14.000399999999999,82.7152466367713,4.2855918402331366,2025-10
472965878667837443.fit,2025-10-31,2.326,10.316666666666666,143.9225806451613,155.0,13.446598064516131,83.35275080906149,4.462095149429088,2025-10
472966443181309956.fit,2025-10-31,7.221,30.916666666666668,155.74084051724137,164.0,14.000399999999999,81.91865509761388,4.2855918402331366,2025-10
472966762619502594.fit,2025-10-31,2.553,10.85,155.62576687116564,166.0,13.986176687116563,85.23076923076923,4.289950094457859,2025-10
473007779831906305.fit,2025-11-02,3.137,19.316666666666666,139.21422222222222,160.0,10.2626656,82.2578055307761,5.846434283116464,2025-11
473008777069625543.fit,2025-11-02,7.534,27.55,179.46553808948005,189.0,16.67733301088271,88.17151515151515,3.597697543177156,2025-11
473009618346344451.fit,2025-11-02,1.018,39.28333333333333,123.87090558766859,142.0,7.280330635838151,75.37764932562621,8.241383942735244,2025-11
473030084664524905.fit,2025-11-03,7.601,35.05,154.11454372623575,163.0,12.999600000000001,82.17610364683301,4.615526631588664,2025-11
473105129023766736.fit,2025-11-06,8.255,35.35,167.9731385485391,187.0,14.000399999999999,81.99240986717268,4.2855918402331366,2025-11
473105890568863846.fit,2025-11-06,2.018,9.3,162.33273703041144,172.0,13.012750626118068,84.75491949910554,4.610862201537405,2025-11
473192647303921664.fit,2025-11-10,19.813,84.88333333333334,98.22143698468787,164.0,14.000399999999999,29.1726307510814,4.2855918402331366,2025-11
473198315318575313.fit,2025-11-10,2.345,8.683333333333334,164.10919540229884,177.0,16.256475862068964,84.89688715953308,3.69083683998186,2025-11
473198872315854950.fit,2025-11-10,6.777,31.25,166.05597014925374,174.0,12.999600000000001,78.61295503211991,4.615526631588664,2025-11
473199261278830895.fit,2025-11-10,1.193,5.216666666666667,154.96496815286625,166.0,13.802594904458598,84.43870967741935,4.3470086904179475,2025-11
473220780944031844.fit,2025-11-11,10.034,46.28333333333333,159.3884089272858,178.0,12.999600000000001,81.79220779220779,4.615526631588664,2025-11
473237697484324968.fit,2025-11-12,5.423,27.216666666666665,151.0734394124847,165.0,12.01029840881273,82.89263803680981,4.995712675712881,2025-11
473286018007597158.fit,2025-11-14,10.403,47.983333333333334,152.96770833333332,161.0,12.999600000000003,80.97685834502104,4.615526631588663,2025-11
473313906847154680.fit,2025-11-15,5.889,24.883333333333333,159.54283801874163,182.0,14.166819277108432,84.58646112600536,4.23524849342516,2025-11
473359647974129970.fit,2025-11-17,2.219,9.316666666666666,156.6732142857143,169.0,14.298023571428573,83.5773381294964,4.196384185566506,2025-11
473377814075179009.fit,2025-11-18,15.097,70.48333333333333,154.847201946472,171.0,13.303252554744526,83.84096444227959,4.510175218661195,2025-11
473493722357596561.fit,2025-11-23,5.587,20.416666666666668,154.21778140293637,179.0,16.64253572593801,87.27659574468085,3.6052198407774947,2025-11
473569714019270857.fit,2025-11-26,10.851,50.05,153.82956058588547,165.0,12.9996,82.4609739826551,4.615526631588665,2025-11
473638568250605571.fit,2025-11-29,2.303,10.616666666666667,143.282131661442,153.0,13.035492789968654,85.56624605678233,4.602817934598718,2025-11
473639640381816931.fit,2025-11-29,4.632,21.35,151.15366614664586,162.0,12.9996,81.8388625592417,4.615526631588665,2025-11
473640148530135144.fit,2025-11-29,2.438,11.383333333333333,148.5233918128655,162.0,12.526026315789473,85.78529411764706,4.790026660279965,2025-11
473654444328779778.fit,2025-11-30,2.369,11.283333333333333,148.93952802359883,163.0,12.5603203539823,86.44362017804154,4.776948223376863,2025-11
473684908538101863.fit,2025-12-01,2.277,10.283333333333333,143.24433656957927,155.0,13.318392233009709,84.37947882736157,4.505048278371745,2025-12
473685355476844744.fit,2025-12-01,4.824,22.216666666666665,151.89730134932535,158.0,12.999600000000001,82.01278195488722,4.615526631588664,2025-12
473704714773496211.fit,2025-12-02,3.181,14.65,147.47613636363636,158.0,12.999600000000001,78.01601830663616,4.615526631588664,2025-12
473731686637535334.fit,2025-12-03,2.175,11.216666666666667,142.83234421364986,152.0,11.747366172106824,83.32886904761905,5.107527859518432,2025-12
473732413560750382.fit,2025-12-03,8.402,38.75,158.00343938091143,166.0,12.999600000000001,81.18181818181819,4.615526631588664,2025-12
473734113824637028.fit,2025-12-03,2.055,11.533333333333333,155.31746031746033,165.0,10.825958441558443,85.03628447024674,5.542234465788578,2025-12
473823714633351168.fit,2025-12-07,3.4,23.616666666666667,135.6964560862866,151.0,9.80802249614792,80.49304482225656,6.117441107375607,2025-12
473823714633351170.fit,2025-12-07,7.871,29.35,165.54029511918276,180.0,16.38366742338252,88.19397042093289,3.6621837131757764,2025-12
473824427329486850.fit,2025-12-07,3.97,19.816666666666666,153.69243697478993,174.0,11.998800000000001,83.34889643463498,5.000500050005,2025-12
473841627868200964.fit,2025-12-08,3.542,16.316666666666666,158.3561224489796,177.0,12.999600000000001,75.69057377049181,4.615526631588664,2025-12
473866187021779045.fit,2025-12-08,2.242,10.316666666666666,159.06290322580645,174.0,12.999600000000001,83.48039215686275,4.615526631588664,2025-12
473866187021779046.fit,2025-12-09,15.861,69.71666666666667,160.59942638623326,182.0,13.69240124282983,86.04114832535885,4.38199253264066,2025-12
473931238065864705.fit,2025-12-12,12.043,60.18333333333333,144.8374861572536,153.0,11.9988,81.15656284760846,5.000500050005001,2025-12
473963776731807748.fit,2025-12-13,3.339,15.616666666666667,140.59701492537314,151.0,12.727980383795309,84.43683083511777,4.714023607106537,2025-12
473964801618378953.fit,2025-12-13,12.043,60.18333333333333,144.77325581395348,154.0,11.9988,82.37894144144144,5.000500050005001,2025-12
473965072469754159.fit,2025-12-13,2.311,11.016666666666667,147.08761329305136,161.0,12.615819335347432,85.5409090909091,4.755933673835195,2025-12
474010164800815104.fit,2025-12-15,10.843,54.18333333333333,148.04735547355475,155.0,11.998800000000001,82.0520640788663,5.000500050005,2025-12
474196002667004008.fit,2025-12-23,2.191,10.05,150.51490066225165,160.0,12.907186092715232,84.325,4.648573249739056,2025-12
474197430206758915.fit,2025-12-23,2.224,12.683333333333334,147.60892388451444,160.0,10.519379527559055,84.35263157894737,5.703758462446364,2025-12
474265696296009729.fit,2025-12-26,1.94,9.516666666666667,176.1381118881119,187.0,12.115434965034964,85.41754385964913,4.952360371143047,2025-12
474449452707381250.fit,2026-01-03,1.99,7.95,159.47907949790795,170.0,14.83670711297071,86.28902953586498,4.044024023871587,2026-01
474450887763329129.fit,2026-01-03,2.276,11.316666666666666,153.5455882352941,166.0,12.058867058823528,86.27071005917159,4.975591795424739,2026-01
474558256583311564.fit,2026-01-08,13.729,63.31666666666667,162.2084210526316,171.0,12.999600000000001,81.68687401159725,4.615526631588664,2026-01
474582768230105491.fit,2026-01-09,4.67,19.983333333333334,158.25833333333333,169.0,14.000399999999999,82.93791946308725,4.2855918402331366,2026-01
474632058885406724.fit,2026-01-11,10.494,46.65,158.54460766750267,180.0,13.642730777499105,85.0577682095443,4.397946494623916,2026-01
474705882393903114.fit,2026-01-14,10.42,41.65,165.8184,182.0,15.0012,82.96511627906976,3.999680025597952,2026-01
474726965039890432.fit,2026-01-15,25.627,123.45,158.82971506105835,187.0,12.554137856173677,83.0803692641868,4.779300712433562,2026-01
474820783231762435.fit,2026-01-19,2.582,10.683333333333334,155.7289719626168,166.0,14.53982803738318,83.76645768025078,4.126596259992533,2026-01
474822524035694601.fit,2026-01-19,21.611,99.71666666666667,165.96624331550802,181.0,12.999600000000001,80.898293743727,4.615526631588664,2026-01
474832777196371971.fit,2026-01-19,0.941,5.116666666666666,137.80844155844156,148.0,10.898181818181818,82.49342105263158,5.505505505505505,2026-01
474844923095449702.fit,2026-01-20,5.483,27.383333333333333,152.85523114355232,167.0,11.998800000000001,82.21621621621621,5.000500050005,2026-01
474867416912920682.fit,2026-01-21,2.855,12.016666666666667,154.46952908587258,163.0,14.34198614958449,84.69777158774373,4.183520983370793,2026-01
474868930620456968.fit,2026-01-21,2.825,15.25,148.99665178571428,164.0,11.448321428571429,82.50112107623319,5.240942995386098,2026-01
474886594747203687.fit,2026-01-22,9.984,46.05,154.19392185238783,165.0,12.999600000000001,82.98912255257433,4.615526631588664,2026-01
474912557293928448.fit,2026-01-23,24.009,110.78333333333333,157.43712394705173,167.0,12.999600000000001,81.97285886610373,4.615526631588664,2026-01
474929633278591180.fit,2026-01-24,2.361,11.583333333333334,144.3764367816092,154.0,12.264108620689656,84.65606936416185,4.892324575369423,2026-01
474930422210396362.fit,2026-01-24,9.619,44.35,152.1435011269722,158.0,12.9996,82.59864457831326,4.615526631588665,2026-01
474979975926153316.fit,2026-01-26,15.205,70.15,159.4691211401425,171.0,12.999600000000001,82.54640647310805,4.615526631588664,2026-01
475030345691987974.fit,2026-01-28,15.234,70.28333333333333,159.36913229018492,172.0,12.999600000000001,83.57169990503324,4.615526631588664,2026-01
475053541742903499.fit,2026-01-29,6.11,30.516666666666666,155.60371179039302,166.0,11.998800000000001,81.96597145993414,5.000500050005,2026-01
475091659040784585.fit,2026-01-31,10.872,50.15,158.72392026578072,167.0,12.999600000000001,82.96423796791444,4.615526631588664,2026-01
